{
  "type": "FeatureCollection",
  "features": [
    {
      "type": "Feature",
      "geometry": {
        "type": "Point",
        "coordinates": [
          -78.8401239,
          42.9473954
        ]
      },
      "properties": {
        "name": "Shickluna Bikes",
        "url": "https://www.google.com/maps/place/Shickluna+Bikes/data=!4m2!3m1!1s0x89d36d5789bd2999:0xe179416a76a02fcc",
        "Address": "1835 Hertel Ave, Buffalo, NY 14216, USA",
        "category": "Bike Me"
      }
    },
    {
      "type": "Feature",
      "geometry": {
        "type": "Point",
        "coordinates": [
          -78.8720469,
          42.8995376
        ]
      },
      "properties": {
        "name": "Rick Cycle Shop",
        "url": "https://www.google.com/maps/place/Rick+Cycle+Shop/data=!4m2!3m1!1s0x89d31257627cac97:0xe789a6a5cd2dfe4c",
        "Address": "55 Allen St, Buffalo, NY 14202, USA",
        "category": "Bike Me"
      }
    },
    {
      "type": "Feature",
      "geometry": {
        "type": "Point",
        "coordinates": [
          -78.8989003,
          42.920248
        ]
      },
      "properties": {
        "name": "Campus WheelWorks",
        "url": "https://www.google.com/maps/place/Campus+WheelWorks/data=!4m2!3m1!1s0x89d3133a56e4c5f9:0x26111cc7dcff0d67",
        "Address": "1330 Niagara St, Buffalo, NY 14213, USA",
        "category": "Bike Me"
      }
    },
    {
      "type": "Feature",
      "geometry": {
        "type": "Point",
        "coordinates": [
          -78.8617782,
          42.8878107
        ]
      },
      "properties": {
        "name": "GObike Community Workshop & Headquarters",
        "url": "https://www.google.com/maps/place/GObike+Community+Workshop+%26+Headquarters/data=!4m2!3m1!1s0x89d3125bba07130b:0x1fef7a387eb9955f",
        "Address": "313 Broadway, Buffalo, NY 14204, USA",
        "category": "Bike Me"
      }
    },
    {
      "type": "Feature",
      "geometry": {
        "type": "Point",
        "coordinates": [
          -78.8537247,
          42.9120378
        ]
      },
      "properties": {
        "name": "Holistic Cycles & Mobility Bank",
        "url": "https://www.google.com/maps/place/Holistic+Cycles+%26+Mobility+Bank/data=!4m2!3m1!1s0x89d31304d9b3064b:0x4abe8d52a67e89db",
        "Address": "1353 Jefferson Ave, Buffalo, NY 14208, USA",
        "category": "Bike Me"
      }
    },
    {
      "type": "Feature",
      "geometry": {
        "type": "Point",
        "coordinates": [
          -78.823711,
          42.846924
        ]
      },
      "properties": {
        "name": "Ray's Radical Rides",
        "url": "https://www.google.com/maps/place/Ray's+Radical+Rides/data=!4m2!3m1!1s0xabc0bdb2c40c6f99:0x52ca63d65a075639",
        "Address": "South Park and, Tifft St, Buffalo, NY 14220, USA",
        "category": "Bike Me"
      }
    },
    {
      "type": "Feature",
      "geometry": {
        "type": "Point",
        "coordinates": [
          -78.9069142,
          43.0098966
        ]
      },
      "properties": {
        "name": "Dick's Bicycle Shop",
        "url": "https://www.google.com/maps/place/Dick's+Bicycle+Shop/data=!4m2!3m1!1s0x89d36c17dc618bd5:0xe5239cab9a1834dd",
        "Address": "781 Niagara St, Tonawanda, NY 14150, USA",
        "category": "Bike Me"
      }
    },
    {
      "type": "Feature",
      "geometry": {
        "type": "Point",
        "coordinates": [
          -78.843828,
          42.9651481
        ]
      },
      "properties": {
        "name": "Handlebars Cycle Company",
        "url": "https://www.google.com/maps/place/Handlebars+Cycle+Company/data=!4m2!3m1!1s0x89d36d637ef5bbeb:0x48cbb34b6200bd39",
        "Address": "685 Englewood Ave, Buffalo, NY 14223, USA",
        "category": "Bike Me"
      }
    },
    {
      "type": "Feature",
      "geometry": {
        "type": "Point",
        "coordinates": [
          -78.8573401,
          42.9441055
        ]
      },
      "properties": {
        "name": "GObike Community Workshop @ Colvin",
        "url": "https://www.google.com/maps/place/GObike+Community+Workshop+@+Colvin/data=!4m2!3m1!1s0x89d36d4bd944c219:0x68007a1d30598afc",
        "Address": "98 Colvin Ave, Buffalo, NY 14216, USA",
        "category": "Bike Me"
      }
    },
    {
      "type": "Feature",
      "geometry": {
        "type": "Point",
        "coordinates": [
          -78.8149251,
          42.8597691
        ]
      },
      "properties": {
        "name": "South Buffalo Wheelhouse",
        "url": "https://www.google.com/maps/place/South+Buffalo+Wheelhouse/data=!4m2!3m1!1s0x89d30ddfdd380f79:0xbe78ebbb6355047e",
        "Address": "1872 Seneca St, Buffalo, NY 14210, USA",
        "category": "Bike Me"
      }
    },
    {
      "type": "Feature",
      "geometry": {
        "type": "Point",
        "coordinates": [
          -78.8772388,
          42.9243433
        ]
      },
      "properties": {
        "name": "Breezy Burrito Bar",
        "url": "https://www.google.com/maps/place/Breezy+Burrito+Bar/data=!4m2!3m1!1s0x89d31367a8a9b503:0x61924c022e62c620",
        "Address": "1000 Elmwood Ave, Buffalo, NY 14222, USA",
        "category": "Best Mex"
      }
    },
    {
      "type": "Feature",
      "geometry": {
        "type": "Point",
        "coordinates": [
          -78.8698959,
          42.8807487
        ]
      },
      "properties": {
        "name": "Hombre y Lobo | Tacos + Tequila",
        "url": "https://www.google.com/maps/place/Hombre+y+Lobo+%7C+Tacos+%2B+Tequila/data=!4m2!3m1!1s0x89d313b89b7c21a1:0x5d33c69a3ab214f8",
        "Address": "149 Swan St Suite 1, Buffalo, NY 14203, USA",
        "category": "Best Mex"
      }
    },
    {
      "type": "Feature",
      "geometry": {
        "type": "Point",
        "coordinates": [
          -78.8451433,
          42.8749159
        ]
      },
      "properties": {
        "name": "D.A.Taste",
        "url": "https://www.google.com/maps/place/D.A.Taste/data=!4m2!3m1!1s0x89d31371094cdf53:0xad809dfc5f0b55de",
        "Address": "864 Seneca St, Buffalo, NY 14210, USA",
        "category": "Best Mex"
      }
    },
    {
      "type": "Feature",
      "geometry": {
        "type": "Point",
        "coordinates": [
          -78.877384,
          42.91012
        ]
      },
      "properties": {
        "name": "Taqueria El Dorado",
        "url": "https://www.google.com/maps/place/Taqueria+El+Dorado/data=!4m2!3m1!1s0x89d3136f23a964c5:0xdd848abc42f79fa7",
        "Address": "478 Elmwood Ave, Buffalo, NY 14222, USA",
        "category": "Best Mex"
      }
    },
    {
      "type": "Feature",
      "geometry": {
        "type": "Point",
        "coordinates": [
          -78.8728718,
          42.8995389
        ]
      },
      "properties": {
        "name": "La Fiesta Mexican Cantina",
        "url": "https://www.google.com/maps/place/La+Fiesta+Mexican+Cantina/data=!4m2!3m1!1s0x89d3136cfaf7a21b:0x41e5b27c3b7c987b",
        "Address": "73 Allen St, Buffalo, NY 14202, USA",
        "category": "Best Mex"
      }
    },
    {
      "type": "Feature",
      "geometry": {
        "type": "Point",
        "coordinates": [
          -78.8768603,
          42.9178299
        ]
      },
      "properties": {
        "name": "Aguacates Mexican Bar & Grill",
        "url": "https://www.google.com/maps/place/Aguacates+Mexican+Bar+%26+Grill/data=!4m2!3m1!1s0x89d312e6a251d041:0xdddfc3f09e9ba671",
        "Address": "765 Elmwood Ave, Buffalo, NY 14222, USA",
        "category": "Best Mex"
      }
    },
    {
      "type": "Feature",
      "geometry": {
        "type": "Point",
        "coordinates": [
          -78.8873215,
          42.905878
        ]
      },
      "properties": {
        "name": "Southern Junction",
        "url": "https://www.google.com/maps/place/Southern+Junction/data=!4m2!3m1!1s0x89d36d7b9973a533:0x5556d97daca2594b",
        "Address": "365 Connecticut St, Buffalo, NY 14213, USA",
        "category": "BFLOBBQ"
      }
    },
    {
      "type": "Feature",
      "geometry": {
        "type": "Point",
        "coordinates": [
          -78.832172,
          42.9204907
        ]
      },
      "properties": {
        "name": "Big Dan's Smokin' Barbecue LLC",
        "url": "https://www.google.com/maps/place/Big+Dan's+Smokin'+Barbecue+LLC/data=!4m2!3m1!1s0x89d30db565039a89:0x14ad643540256e4",
        "Address": "220 Sheridan Ave, Buffalo, NY 14211, USA",
        "category": "BFLOBBQ"
      }
    },
    {
      "type": "Feature",
      "geometry": {
        "type": "Point",
        "coordinates": [
          -78.8063817,
          42.8898875
        ]
      },
      "properties": {
        "name": "La Verdad Cafe",
        "url": "https://www.google.com/maps/place/La+Verdad+Cafe/data=!4m2!3m1!1s0x89d30da5b8207807:0xc018a617b629f502",
        "Address": "Benzinger and lovejoy, 1132 E Lovejoy St, Buffalo, NY 14206, USA",
        "category": "BFLOBBQ"
      }
    },
    {
      "type": "Feature",
      "geometry": {
        "type": "Point",
        "coordinates": [
          -78.9083362,
          42.9589384
        ]
      },
      "properties": {
        "name": "Nephew\u2019s BBQ LLC.",
        "url": "https://www.google.com/maps/place/Nephew%E2%80%99s+BBQ+LLC./data=!4m2!3m1!1s0x89d36d0a57c13509:0xa7fd746c4d304aa1",
        "Address": "1125 Tonawanda St, Buffalo, NY 14207, USA",
        "category": "BFLOBBQ"
      }
    },
    {
      "type": "Feature",
      "geometry": {
        "type": "Point",
        "coordinates": [
          -78.827038,
          42.9499323
        ]
      },
      "properties": {
        "name": "The Steer Restaurant & Saloon",
        "url": "https://www.google.com/maps/place/The+Steer+Restaurant+%26+Saloon/data=!4m2!3m1!1s0x89d372a4b5c6c439:0x55089a22d84b1d47",
        "Address": "3151 Main St, Buffalo, NY 14214, USA",
        "category": "BFLOBBQ"
      }
    },
    {
      "type": "Feature",
      "geometry": {
        "type": "Point",
        "coordinates": [
          -78.8812942,
          42.9479581
        ]
      },
      "properties": {
        "name": "Roaming Bison Tavern",
        "url": "https://www.google.com/maps/place/Roaming+Bison+Tavern/data=!4m2!3m1!1s0x89d36d29987e1feb:0xb2621b49db8d4adc",
        "Address": "732 Hertel Ave, Buffalo, NY 14207, USA",
        "category": "BFLOBBQ"
      }
    },
    {
      "type": "Feature",
      "geometry": {
        "type": "Point",
        "coordinates": [
          -78.8580833,
          42.8782543
        ]
      },
      "properties": {
        "name": "Buffalo Brewing Company Taproom & BBQ",
        "url": "https://www.google.com/maps/place/Buffalo+Brewing+Company+Taproom+%26+BBQ/data=!4m2!3m1!1s0x89d31215caaf791b:0x4a326e6c4f6bec89",
        "Address": "314 Myrtle Ave, Buffalo, NY 14204, USA",
        "category": "BFLOBBQ"
      }
    },
    {
      "type": "Feature",
      "geometry": {
        "type": "Point",
        "coordinates": [
          -78.8734433,
          42.8979319
        ]
      },
      "properties": {
        "name": "Fat Bob's Smokehouse",
        "url": "https://www.google.com/maps/place/Fat+Bob's+Smokehouse/data=!4m2!3m1!1s0x89d312574b4c5f4b:0x34cb4077fcf73c1e",
        "Address": "41 Virginia Pl, Buffalo, NY 14202, USA",
        "category": "BFLOBBQ"
      }
    },
    {
      "type": "Feature",
      "geometry": {
        "type": "Point",
        "coordinates": [
          -78.8734282,
          42.8934298
        ]
      },
      "properties": {
        "name": "Wxyz Bar+lounge",
        "url": "https://www.google.com/maps/place/Wxyz+Bar%2Blounge/data=!4m2!3m1!1s0x89d31248c896fe1b:0xcce9d298f5049d35",
        "Address": "512 Pearl St, Buffalo, NY 14202, USA",
        "category": "KarUFFALoke"
      }
    },
    {
      "type": "Feature",
      "geometry": {
        "type": "Point",
        "coordinates": [
          -78.8537524,
          42.9118242
        ]
      },
      "properties": {
        "name": "Mike's Lounge (Fuzion Kitchen)",
        "url": "https://www.google.com/maps/place/Mike's+Lounge+(Fuzion+Kitchen)/data=!4m2!3m1!1s0x89d31291958c7a09:0x4221ff750a6e0f99",
        "Address": "1343 Jefferson Ave, Buffalo, NY 14208, USA",
        "category": "KarUFFALoke"
      }
    },
    {
      "type": "Feature",
      "geometry": {
        "type": "Point",
        "coordinates": [
          -78.8451433,
          42.8749159
        ]
      },
      "properties": {
        "name": "D.A.Taste",
        "url": "https://www.google.com/maps/place/D.A.Taste/data=!4m2!3m1!1s0x89d31371094cdf53:0xad809dfc5f0b55de",
        "Address": "864 Seneca St, Buffalo, NY 14210, USA",
        "category": "KarUFFALoke"
      }
    },
    {
      "type": "Feature",
      "geometry": {
        "type": "Point",
        "coordinates": [
          -78.8734061,
          42.887769
        ]
      },
      "properties": {
        "name": "Misuta Chow's",
        "url": "https://www.google.com/maps/place/Misuta+Chow's/data=!4m2!3m1!1s0x89d313c66eb89e63:0xc3bb2239ebefa4c6",
        "Address": "521 Main St, Buffalo, NY 14203, USA",
        "category": "KarUFFALoke"
      }
    },
    {
      "type": "Feature",
      "geometry": {
        "type": "Point",
        "coordinates": [
          -78.9052796,
          42.9410375
        ]
      },
      "properties": {
        "name": "Poize Restaurant & Lounge",
        "url": "https://www.google.com/maps/place/Poize+Restaurant+%26+Lounge/data=!4m2!3m1!1s0x89d313359174834f:0x879c29decbfe72b1",
        "Address": "2081 Niagara St, Buffalo, NY 14207, USA",
        "category": "KarUFFALoke"
      }
    },
    {
      "type": "Feature",
      "geometry": {
        "type": "Point",
        "coordinates": [
          -78.8752317,
          42.8993159
        ]
      },
      "properties": {
        "name": "Frizzy's Bar & Grill",
        "url": "https://www.google.com/maps/place/Frizzy's+Bar+%26+Grill/data=!4m2!3m1!1s0x89d31256e02d33ff:0x82cd4696edf05031",
        "Address": "140 Allen St, Buffalo, NY 14201, USA",
        "category": "KarUFFALoke"
      }
    },
    {
      "type": "Feature",
      "geometry": {
        "type": "Point",
        "coordinates": [
          -78.8503559,
          42.9978774
        ]
      },
      "properties": {
        "name": "290 Slide Sports Bar & Grill",
        "url": "https://www.google.com/maps/place/290+Slide,+Sports+Bar+%26+Grill/data=!4m2!3m1!1s0x89d36d3bc676d2dd:0xec954bd8fec75f93",
        "Address": "3191 Eggert Rd, Tonawanda, NY 14150, USA",
        "category": "KarUFFALoke"
      }
    },
    {
      "type": "Feature",
      "geometry": {
        "type": "Point",
        "coordinates": [
          -78.8788896,
          42.8869004
        ]
      },
      "properties": {
        "name": "Culbert's Pub",
        "url": "https://www.google.com/maps/place/Culbert's+Pub/data=!4m2!3m1!1s0x89d369a2a5e1c447:0x384a6c74f3752d95",
        "Address": "Buffalo, NY, USA",
        "category": "KarUFFALoke"
      }
    },
    {
      "type": "Feature",
      "geometry": {
        "type": "Point",
        "coordinates": [
          -78.8764274,
          42.8904797
        ]
      },
      "properties": {
        "name": "Vintage Room",
        "url": "https://www.google.com/maps/place/Vintage+Room/data=!4m2!3m1!1s0x89d31300076fc475:0x529e8a8e1d440368",
        "Address": "88 W Chippewa St, Buffalo, NY 14202, USA",
        "category": "KarUFFALoke"
      }
    },
    {
      "type": "Feature",
      "geometry": {
        "type": "Point",
        "coordinates": [
          -78.7889404,
          42.77779
        ]
      },
      "properties": {
        "name": "Prohibition 2020",
        "url": "https://www.google.com/maps/place/Prohibition+2020/data=!4m2!3m1!1s0x89d305eacd9746ef:0x8d1068f3c6bdc472",
        "Address": "3847 Southwestern Blvd, Orchard Park, NY 14127, USA",
        "category": "KarUFFALoke"
      }
    },
    {
      "type": "Feature",
      "geometry": {
        "type": "Point",
        "coordinates": [
          -78.9631469,
          43.0229312
        ]
      },
      "properties": {
        "name": "2241 Grand Island Blvd",
        "url": "https://www.google.com/maps/place/2241+Grand+Island+Blvd/data=!4m2!3m1!1s0x89d36bd75bf88647:0xcb4e855cbd8fdbf3",
        "Address": "2241 Grand Island Blvd, Grand Island, NY 14072, USA",
        "category": "KarUFFALoke"
      }
    },
    {
      "type": "Feature",
      "geometry": {
        "type": "Point",
        "coordinates": [
          -78.8345626,
          42.8586718
        ]
      },
      "properties": {
        "name": "South City Tavern",
        "url": "https://www.google.com/maps/place/South+City+Tavern/data=!4m2!3m1!1s0x89d30f5214a2f7ab:0x69b2d0804183337a",
        "Address": "1345 South Park Ave, Buffalo, NY 14220, USA",
        "category": "KarUFFALoke"
      }
    },
    {
      "type": "Feature",
      "geometry": {
        "type": "Point",
        "coordinates": [
          -78.8251291,
          42.8256692
        ]
      },
      "properties": {
        "name": "Ice House Pub",
        "url": "https://www.google.com/maps/place/Ice+House+Pub/data=!4m2!3m1!1s0x89d30e3226ea2c6f:0x1bdb435fd367f724",
        "Address": "715 Ridge Rd, Lackawanna, NY 14218, USA",
        "category": "KarUFFALoke"
      }
    },
    {
      "type": "Feature",
      "geometry": {
        "type": "Point",
        "coordinates": [
          -78.8792397,
          42.8995737
        ]
      },
      "properties": {
        "name": "Allen St Hardware Cafe",
        "url": "https://www.google.com/maps/place/Allen+St+Hardware+Cafe/data=!4m2!3m1!1s0x89d3125414c4b179:0xef5e523501d39c37",
        "Address": "245 Allen St, Buffalo, NY 14201, USA",
        "category": "KarUFFALoke"
      }
    },
    {
      "type": "Feature",
      "geometry": {
        "type": "Point",
        "coordinates": [
          -78.8734812,
          42.8877388
        ]
      },
      "properties": {
        "name": "OSB Buffalo/OSB Ciderworks",
        "url": "https://www.google.com/maps/place/OSB+Buffalo%2FOSB+Ciderworks/data=!4m2!3m1!1s0x89d313ea67fbae05:0x92b60a6b51738403",
        "Address": "517 Main St, Buffalo, NY 14203, USA",
        "category": "KarUFFALoke"
      }
    },
    {
      "type": "Feature",
      "geometry": {
        "type": "Point",
        "coordinates": [
          -78.8899909,
          42.9241776
        ]
      },
      "properties": {
        "name": "The Gypsy Parlor",
        "url": "https://www.google.com/maps/place/The+Gypsy+Parlor/data=!4m2!3m1!1s0x89d313220fdb3d49:0xe9cec42ee4702e4",
        "Address": "376 Grant St, Buffalo, NY 14213, USA",
        "category": "KarUFFALoke"
      }
    },
    {
      "type": "Feature",
      "geometry": {
        "type": "Point",
        "coordinates": [
          -78.8864674,
          42.9396927
        ]
      },
      "properties": {
        "name": "Casey's Black Rock",
        "url": "https://www.google.com/maps/place/Casey's+Black+Rock/data=!4m2!3m1!1s0x89d3132a54a8576f:0x7847c1db16860bd1",
        "Address": "484 Amherst St, Buffalo, NY 14207, USA",
        "category": "KarUFFALoke"
      }
    },
    {
      "type": "Feature",
      "geometry": {
        "type": "Point",
        "coordinates": [
          -78.8537799,
          42.91184
        ]
      },
      "properties": {
        "name": "1343 Jefferson Ave",
        "url": "https://www.google.com/maps/place/1343+Jefferson+Ave/data=!4m2!3m1!1s0x89d31291be15dce1:0x48ae98e5f94da9b1",
        "Address": "1343 Jefferson Ave, Buffalo, NY 14208, USA",
        "category": "KarUFFALoke"
      }
    },
    {
      "type": "Feature",
      "geometry": {
        "type": "Point",
        "coordinates": [
          -78.8739315,
          42.8938759
        ]
      },
      "properties": {
        "name": "Tudor Lounge",
        "url": "https://www.google.com/maps/place/Tudor+Lounge/data=!4m2!3m1!1s0x89d312503c59af59:0x558a9ae33f8aa4f",
        "Address": "335 Franklin St, Buffalo, NY 14202, USA",
        "category": "KarUFFALoke"
      }
    },
    {
      "type": "Feature",
      "geometry": {
        "type": "Point",
        "coordinates": [
          -78.8827403,
          42.9132991
        ]
      },
      "properties": {
        "name": "Essex St. Pub",
        "url": "https://www.google.com/maps/place/Essex+St.+Pub/data=!4m2!3m1!1s0x89d312e2ad79c969:0xc62fa66f4d94d919",
        "Address": "530 Rhode Island St, Buffalo, NY 14213, USA",
        "category": "KarUFFALoke"
      }
    },
    {
      "type": "Feature",
      "geometry": {
        "type": "Point",
        "coordinates": [
          -78.8935147,
          42.9373668
        ]
      },
      "properties": {
        "name": "Hot Mama's Canteen",
        "url": "https://www.google.com/maps/place/Hot+Mama's+Canteen/data=!4m2!3m1!1s0x89d3132e14c056ab:0x48f5e16f7a7115b9",
        "Address": "12 Military Rd, Buffalo, NY 14207, USA",
        "category": "KarUFFALoke"
      }
    },
    {
      "type": "Feature",
      "geometry": {
        "type": "Point",
        "coordinates": [
          -78.8772817,
          42.9274485
        ]
      },
      "properties": {
        "name": "Mr. Goodbar",
        "url": "https://www.google.com/maps/place/Mr.+Goodbar/data=!4m2!3m1!1s0x89d312dbf0ddb677:0x4bac4490c8b8ae9e",
        "Address": "1110 Elmwood Ave, Buffalo, NY 14222, USA",
        "category": "KarUFFALoke"
      }
    },
    {
      "type": "Feature",
      "geometry": {
        "type": "Point",
        "coordinates": [
          -78.8081666,
          42.8544179
        ]
      },
      "properties": {
        "name": "The Blackthorn Restaurant & Pub",
        "url": "https://www.google.com/maps/place/The+Blackthorn+Restaurant+%26+Pub/data=!4m2!3m1!1s0x89d30e76e916dbcd:0xf16962d4d274b8a3",
        "Address": "2134 Seneca St, Buffalo, NY 14210, USA",
        "category": "ride_refresh_repeat"
      }
    },
    {
      "type": "Feature",
      "geometry": {
        "type": "Point",
        "coordinates": [
          -78.855957,
          42.8837707
        ]
      },
      "properties": {
        "name": "Curry's",
        "url": "https://www.google.com/maps/place/Curry's/data=!4m2!3m1!1s0x89d36d681ca9505f:0x7e54caac54913d28",
        "Address": "864 Kenmore Ave, Buffalo, NY 14216, USA",
        "category": "ride_refresh_repeat"
      }
    },
    {
      "type": "Feature",
      "geometry": {
        "type": "Point",
        "coordinates": [
          -78.8997308,
          42.9179564
        ]
      },
      "properties": {
        "name": "Britesmith Brewing",
        "url": "https://www.google.com/maps/place/Britesmith+Brewing/data=!4m2!3m1!1s0x89d3130017b49def:0x10894bf722fadeae",
        "Address": "1250 Niagara St Suite 400, Buffalo, NY 14213, USA",
        "category": "ride_refresh_repeat"
      }
    },
    {
      "type": "Feature",
      "geometry": {
        "type": "Point",
        "coordinates": [
          -78.8633202,
          42.8620942
        ]
      },
      "properties": {
        "name": "Silo City",
        "url": "https://www.google.com/maps/place/Silo+City/data=!4m2!3m1!1s0x89d3118a8b58bc1d:0x8e1fcbe33b52272f",
        "Address": "85 Silo City Row, Buffalo, NY 14203, USA",
        "category": "ride_refresh_repeat"
      }
    },
    {
      "type": "Feature",
      "geometry": {
        "type": "Point",
        "coordinates": [
          -78.8636138,
          42.8611987
        ]
      },
      "properties": {
        "name": "Duende at Silo City",
        "url": "https://www.google.com/maps/place/Duende+at+Silo+City/data=!4m2!3m1!1s0x89d3118a3576b86b:0x7931de81ecdfad60",
        "Address": "85 Silo City Row, Buffalo, NY 14203, USA",
        "category": "ride_refresh_repeat"
      }
    },
    {
      "type": "Feature",
      "geometry": {
        "type": "Point",
        "coordinates": [
          -78.8746668,
          42.8751887
        ]
      },
      "properties": {
        "name": "The Draft Room Buffalo",
        "url": "https://www.google.com/maps/place/The+Draft+Room+Buffalo/data=!4m2!3m1!1s0x89d3135cbab00959:0x97e1a7de28a58898",
        "Address": "79 Perry St, Buffalo, NY 14203, USA",
        "category": "ride_refresh_repeat"
      }
    },
    {
      "type": "Feature",
      "geometry": {
        "type": "Point",
        "coordinates": [
          -78.8917412,
          42.898599
        ]
      },
      "properties": {
        "name": "Community Beer Works",
        "url": "https://www.google.com/maps/place/Community+Beer+Works/data=!4m2!3m1!1s0x89d31369ba60f629:0x2a9afd9af325cfc8",
        "Address": "520 Seventh St, Buffalo, NY 14201, USA",
        "category": "ride_refresh_repeat"
      }
    },
    {
      "type": "Feature",
      "geometry": {
        "type": "Point",
        "coordinates": [
          -78.8746874,
          42.8818578
        ]
      },
      "properties": {
        "name": "Union Pub",
        "url": "https://www.google.com/maps/place/Union+Pub/data=!4m2!3m1!1s0x89d31237bd1bf0a7:0x5c819318a286d513",
        "Address": "295 Main St, Buffalo, NY 14203, USA",
        "category": "ride_refresh_repeat"
      }
    },
    {
      "type": "Feature",
      "geometry": {
        "type": "Point",
        "coordinates": [
          -78.841498,
          42.947459
        ]
      },
      "properties": {
        "name": "Colonie Lounge",
        "url": "https://www.google.com/maps/place/Colonie+Lounge/data=!4m2!3m1!1s0x89d36d577e679053:0x2011b5025362a088",
        "Address": "1795 Hertel Ave, Buffalo, NY 14216, USA",
        "category": "ride_refresh_repeat"
      }
    },
    {
      "type": "Feature",
      "geometry": {
        "type": "Point",
        "coordinates": [
          -78.873498,
          42.8748438
        ]
      },
      "properties": {
        "name": "Cobblestone",
        "url": "https://www.google.com/maps/place/Cobblestone/data=!4m2!3m1!1s0x89d3122fd753fe7d:0x8d65640c44f621ae",
        "Address": "Cobblestone Ln, Amherst, NY 14221, USA",
        "category": "ride_refresh_repeat"
      }
    },
    {
      "type": "Feature",
      "geometry": {
        "type": "Point",
        "coordinates": [
          -78.8771897,
          42.9229337
        ]
      },
      "properties": {
        "name": "McGarrets",
        "url": "https://www.google.com/maps/place/McGarrets/data=!4m2!3m1!1s0x89d312ddefb63d09:0xb9612dd3acd11c72",
        "Address": "946 Elmwood Ave, Buffalo, NY 14222, USA",
        "category": "ride_refresh_repeat"
      }
    },
    {
      "type": "Feature",
      "geometry": {
        "type": "Point",
        "coordinates": [
          -78.8739315,
          42.8938759
        ]
      },
      "properties": {
        "name": "Tudor Lounge",
        "url": "https://www.google.com/maps/place/Tudor+Lounge/data=!4m2!3m1!1s0x89d312503c59af59:0x558a9ae33f8aa4f",
        "Address": "335 Franklin St, Buffalo, NY 14202, USA",
        "category": "ride_refresh_repeat"
      }
    },
    {
      "type": "Feature",
      "geometry": {
        "type": "Point",
        "coordinates": [
          -78.8793501,
          42.8993841
        ]
      },
      "properties": {
        "name": "Nietzsche's",
        "url": "https://www.google.com/maps/place/Nietzsche's/data=!4m2!3m1!1s0x89d312546d2681c1:0x1d4b6286768e88b1",
        "Address": "248 Allen St, Buffalo, NY 14201, USA",
        "category": "ride_refresh_repeat"
      }
    },
    {
      "type": "Feature",
      "geometry": {
        "type": "Point",
        "coordinates": [
          -78.8512864,
          42.9474254
        ]
      },
      "properties": {
        "name": "Moor Room",
        "url": "https://www.google.com/maps/place/Moor+Room/data=!4m2!3m1!1s0x89d36d983f5d89eb:0xff37532e1f2e0f86",
        "Address": "1535 Hertel Ave, Buffalo, NY 14216, USA",
        "category": "ride_refresh_repeat"
      }
    },
    {
      "type": "Feature",
      "geometry": {
        "type": "Point",
        "coordinates": [
          -78.8607209,
          42.866235
        ]
      },
      "properties": {
        "name": "The Barrel Factory",
        "url": "https://www.google.com/maps/place/The+Barrel+Factory/data=!4m2!3m1!1s0x89d3121f64447fb9:0x11f03b5aad33f4c3",
        "Address": "65 Vandalia St, Buffalo, NY 14204, USA",
        "category": "ride_refresh_repeat"
      }
    },
    {
      "type": "Feature",
      "geometry": {
        "type": "Point",
        "coordinates": [
          -78.8529407,
          42.9475341
        ]
      },
      "properties": {
        "name": "Sterling Tap & Wurst",
        "url": "https://www.google.com/maps/place/Sterling+Tap+%26+Wurst/data=!4m2!3m1!1s0x89d36d4f0afe2bb1:0x20e1c15d20abca98",
        "Address": "1487 Hertel Ave, Buffalo, NY 14216, USA",
        "category": "ride_refresh_repeat"
      }
    },
    {
      "type": "Feature",
      "geometry": {
        "type": "Point",
        "coordinates": [
          -78.8692192,
          42.9530456
        ]
      },
      "properties": {
        "name": "Kelly's Korner",
        "url": "https://www.google.com/maps/place/Kelly's+Korner/data=!4m2!3m1!1s0x89d36d3baa1381f9:0x59275672760c29b",
        "Address": "2526 Delaware Ave, Buffalo, NY 14216, USA",
        "category": "ride_refresh_repeat"
      }
    },
    {
      "type": "Feature",
      "geometry": {
        "type": "Point",
        "coordinates": [
          -78.8515534,
          42.8697314
        ]
      },
      "properties": {
        "name": "BriarBrothers Brewing Company",
        "url": "https://www.google.com/maps/place/BriarBrothers+Brewing+Company/data=!4m2!3m1!1s0x89d313af2ac02d27:0x1e856dfd570dfe80",
        "Address": "50 Elk St, Buffalo, NY 14210, USA",
        "category": "ride_refresh_repeat"
      }
    },
    {
      "type": "Feature",
      "geometry": {
        "type": "Point",
        "coordinates": [
          -78.8773617,
          42.9247083
        ]
      },
      "properties": {
        "name": "Jack Rabbit",
        "url": "https://www.google.com/maps/place/Jack+Rabbit/data=!4m2!3m1!1s0x89d313b4e6701359:0xcf12ccf9de99c505",
        "Address": "1010 Elmwood Ave, Buffalo, NY 14222, USA",
        "category": "ride_refresh_repeat"
      }
    },
    {
      "type": "Feature",
      "geometry": {
        "type": "Point",
        "coordinates": [
          -78.8652332,
          42.9126086
        ]
      },
      "properties": {
        "name": "Oakk Room",
        "url": "https://www.google.com/maps/place/Oakk+Room/data=!4m2!3m1!1s0x89d312ed9516f52d:0x17f2d704c6c046c6",
        "Address": "1435 Main St, Buffalo, NY 14209, USA",
        "category": "ride_refresh_repeat"
      }
    },
    {
      "type": "Feature",
      "geometry": {
        "type": "Point",
        "coordinates": [
          -78.873657,
          42.8995361
        ]
      },
      "properties": {
        "name": "Colter Bay",
        "url": "https://www.google.com/maps/place/Colter+Bay/data=!4m2!3m1!1s0x89d312576dc159e5:0x9778c7b4b6d9d668",
        "Address": "561 Delaware Ave, Buffalo, NY 14202, USA",
        "category": "ride_refresh_repeat"
      }
    },
    {
      "type": "Feature",
      "geometry": {
        "type": "Point",
        "coordinates": [
          -78.850445,
          42.9385536
        ]
      },
      "properties": {
        "name": "Parkside Meadow",
        "url": "https://www.google.com/maps/place/Parkside+Meadow/data=!4m2!3m1!1s0x89d312b2b1977f8b:0xf7caf4e77df38f13",
        "Address": "2 Russell St, Buffalo, NY 14214, USA",
        "category": "ride_refresh_repeat"
      }
    },
    {
      "type": "Feature",
      "geometry": {
        "type": "Point",
        "coordinates": [
          -78.8709352,
          42.888031
        ]
      },
      "properties": {
        "name": "Big Ditch Brewing Company",
        "url": "https://www.google.com/maps/place/Big+Ditch+Brewing+Company/data=!4m2!3m1!1s0x89d31245e086ad53:0x91aa762c3e14b758",
        "Address": "55 E Huron St, Buffalo, NY 14203, USA",
        "category": "ride_refresh_repeat"
      }
    },
    {
      "type": "Feature",
      "geometry": {
        "type": "Point",
        "coordinates": [
          -78.8774103,
          42.8810808
        ]
      },
      "properties": {
        "name": "Pearl Street Grill & Brewery",
        "url": "https://www.google.com/maps/place/Pearl+Street+Grill+%26+Brewery/data=!4m2!3m1!1s0x89d31259e9c4b085:0x7ce880149997095c",
        "Address": "76 Pearl St, Buffalo, NY 14202, USA",
        "category": "ride_refresh_repeat"
      }
    },
    {
      "type": "Feature",
      "geometry": {
        "type": "Point",
        "coordinates": [
          -78.877453,
          42.9273256
        ]
      },
      "properties": {
        "name": "Cole's",
        "url": "https://www.google.com/maps/place/Cole's/data=!4m2!3m1!1s0x89d312dbf8e8d615:0x17cfb691edf5f757",
        "Address": "1104 Elmwood Ave, Buffalo, NY 14222, USA",
        "category": "ride_refresh_repeat"
      }
    },
    {
      "type": "Feature",
      "geometry": {
        "type": "Point",
        "coordinates": [
          -78.8705824,
          42.9691191
        ]
      },
      "properties": {
        "name": "Nowhere Lounge",
        "url": "https://www.google.com/maps/place/Nowhere+Lounge/data=!4m2!3m1!1s0x89d36db89482203f:0xd7ce61dd465a519c",
        "Address": "3115 Delaware Ave, Buffalo, NY 14217, USA",
        "category": "ride_refresh_repeat"
      }
    },
    {
      "type": "Feature",
      "geometry": {
        "type": "Point",
        "coordinates": [
          -78.8235061,
          42.8427691
        ]
      },
      "properties": {
        "name": "Talty's Tavern",
        "url": "https://www.google.com/maps/place/Talty's+Tavern/data=!4m2!3m1!1s0x89d3055b2b05e93d:0x74ad64b272ec3733",
        "Address": "2056 South Park Ave Suite 1, Buffalo, NY 14220, USA",
        "category": "ride_refresh_repeat"
      }
    },
    {
      "type": "Feature",
      "geometry": {
        "type": "Point",
        "coordinates": [
          -78.8849907,
          42.9187428
        ]
      },
      "properties": {
        "name": "Autark Brewhouse",
        "url": "https://www.google.com/maps/place/Autark+Brewhouse/data=!4m2!3m1!1s0x89d313b277a54cfb:0xaafb69c608c040af",
        "Address": "420 Auburn Ave, Buffalo, NY 14213, USA",
        "category": "ride_refresh_repeat"
      }
    },
    {
      "type": "Feature",
      "geometry": {
        "type": "Point",
        "coordinates": [
          -78.8771916,
          42.9244539
        ]
      },
      "properties": {
        "name": "The Beer Keep",
        "url": "https://www.google.com/maps/place/The+Beer+Keep/data=!4m2!3m1!1s0x89d313dd54001379:0xac65677a27a99564",
        "Address": "1002 Elmwood Ave, Buffalo, NY 14222, USA",
        "category": "ride_refresh_repeat"
      }
    },
    {
      "type": "Feature",
      "geometry": {
        "type": "Point",
        "coordinates": [
          -78.8993433,
          42.9180942
        ]
      },
      "properties": {
        "name": "Mortalis Brewing Company Buffalo",
        "url": "https://www.google.com/maps/place/Mortalis+Brewing+Company+Buffalo/data=!4m2!3m1!1s0x89d31329a531e22f:0x3a40cd95c767b8dd",
        "Address": "1250 Niagara St Suite 130, Buffalo, NY 14213, USA",
        "category": "ride_refresh_repeat"
      }
    },
    {
      "type": "Feature",
      "geometry": {
        "type": "Point",
        "coordinates": [
          -78.8729661,
          42.8955075
        ]
      },
      "properties": {
        "name": "Spotted Octopus Brewing Co.",
        "url": "https://www.google.com/maps/place/Spotted+Octopus+Brewing+Co./data=!4m2!3m1!1s0x89d313539ac46021:0xb95ec01c728e2e2a",
        "Address": "41 Edward St, Buffalo, NY 14202, USA",
        "category": "ride_refresh_repeat"
      }
    },
    {
      "type": "Feature",
      "geometry": {
        "type": "Point",
        "coordinates": [
          -78.845524,
          42.8749884
        ]
      },
      "properties": {
        "name": "Buffalo Distilling Company",
        "url": "https://www.google.com/maps/place/Buffalo+Distilling+Company/data=!4m2!3m1!1s0x89d3120ebfc31059:0x7a4c35cca1fe2d29",
        "Address": "860 Seneca St, Buffalo, NY 14210, USA",
        "category": "ride_refresh_repeat"
      }
    },
    {
      "type": "Feature",
      "geometry": {
        "type": "Point",
        "coordinates": [
          -78.8597659,
          42.8658381
        ]
      },
      "properties": {
        "name": "Gene McCarthy's Old First Ward Brewing Company",
        "url": "https://www.google.com/maps/place/Gene+McCarthy's+Old+First+Ward+Brewing+Company/data=!4m2!3m1!1s0x89d3121f721316ab:0xafa65ab2e7d9e7f0",
        "Address": "73 Hamburg St, Buffalo, NY 14204, USA",
        "category": "ride_refresh_repeat"
      }
    },
    {
      "type": "Feature",
      "geometry": {
        "type": "Point",
        "coordinates": [
          -78.8823434,
          42.87128
        ]
      },
      "properties": {
        "name": "Perro and Poni",
        "url": "https://www.google.com/maps/place/Perro+and+Poni/data=!4m2!3m1!1s0x89d313005ec9a415:0xe229f38f3b4f14b0",
        "Address": "225 Fuhrmann Boulevard, Buffalo, NY 14203, USA",
        "category": "ride_refresh_repeat"
      }
    },
    {
      "type": "Feature",
      "geometry": {
        "type": "Point",
        "coordinates": [
          -78.8288751,
          42.8751922
        ]
      },
      "properties": {
        "name": "Old School Tavern",
        "url": "https://www.google.com/maps/place/Old+School+Tavern/data=!4m2!3m1!1s0x89d30df2398403f5:0x3088683bbf294380",
        "Address": "1263 Clinton St, Buffalo, NY 14206, USA",
        "category": "ride_refresh_repeat"
      }
    },
    {
      "type": "Feature",
      "geometry": {
        "type": "Point",
        "coordinates": [
          -78.8153931,
          42.8781092
        ]
      },
      "properties": {
        "name": "The Safe House Restaurant & Bar",
        "url": "https://www.google.com/maps/place/The+Safe+House+Restaurant+%26+Bar/data=!4m2!3m1!1s0x89d30d3bfa7e7cd3:0x5904a04ad00ab6ec",
        "Address": "875 Bailey Ave, Buffalo, NY 14206, USA",
        "category": "ride_refresh_repeat"
      }
    },
    {
      "type": "Feature",
      "geometry": {
        "type": "Point",
        "coordinates": [
          -78.8348033,
          42.8835328
        ]
      },
      "properties": {
        "name": "Daren's Tavern",
        "url": "https://www.google.com/maps/place/Daren's+Tavern/data=!4m2!3m1!1s0x89d30d8bc8b94195:0x3631e919ddd9df0e",
        "Address": "514 Howard St, Buffalo, NY 14206, USA",
        "category": "ride_refresh_repeat"
      }
    },
    {
      "type": "Feature",
      "geometry": {
        "type": "Point",
        "coordinates": [
          -78.8369276,
          42.8864576
        ]
      },
      "properties": {
        "name": "G & T Inn",
        "url": "https://www.google.com/maps/place/G+%26+T+Inn/data=!4m2!3m1!1s0x89d30dfa8fa882c9:0x33dc41cd1ada5c26",
        "Address": "68 Memorial Dr, Buffalo, NY 14206, USA",
        "category": "ride_refresh_repeat"
      }
    },
    {
      "type": "Feature",
      "geometry": {
        "type": "Point",
        "coordinates": [
          -78.836293,
          42.887735
        ]
      },
      "properties": {
        "name": "Eugene V. Debs Hall",
        "url": "https://www.google.com/maps/place/Eugene+V.+Debs+Hall/data=!4m2!3m1!1s0x89d30d6deb9afb4d:0x84f29ef365960f82",
        "Address": "483 Peckham St, Buffalo, NY 14206, USA",
        "category": "ride_refresh_repeat"
      }
    },
    {
      "type": "Feature",
      "geometry": {
        "type": "Point",
        "coordinates": [
          -78.8458104,
          42.8774044
        ]
      },
      "properties": {
        "name": "Smokey's Tavern",
        "url": "https://www.google.com/maps/place/Smokey's+Tavern/data=!4m2!3m1!1s0x89d3120c440f389d:0xa476d7f40eb626f",
        "Address": "805 S Division St, Buffalo, NY 14210, USA",
        "category": "ride_refresh_repeat"
      }
    },
    {
      "type": "Feature",
      "geometry": {
        "type": "Point",
        "coordinates": [
          -78.8876225,
          42.8788432
        ]
      },
      "properties": {
        "name": "Sully's Harbor Bar @ Harbor Walk | Erie Basin Marina",
        "url": "https://www.google.com/maps/place/Sully's+Harbor+Bar+@+Harbor+Walk+%7C+Erie+Basin+Marina/data=!4m2!3m1!1s0x89d3137d965cd70d:0xcb43e304a03e62ec",
        "Address": "329 Erie St, Buffalo, NY 14202, USA",
        "category": "ride_refresh_repeat"
      }
    },
    {
      "type": "Feature",
      "geometry": {
        "type": "Point",
        "coordinates": [
          -78.8048654,
          42.8871451
        ]
      },
      "properties": {
        "name": "Willie's",
        "url": "https://www.google.com/maps/place/Willie's/data=!4m2!3m1!1s0x89d30da55afd8207:0xfb79749675f956aa",
        "Address": "247 Ludington St Suite 1, Buffalo, NY 14206, USA",
        "category": "ride_refresh_repeat"
      }
    },
    {
      "type": "Feature",
      "geometry": {
        "type": "Point",
        "coordinates": [
          -78.8015568,
          42.871879
        ]
      },
      "properties": {
        "name": "Porky's",
        "url": "https://www.google.com/maps/place/Porky's/data=!4m2!3m1!1s0x89d30dc8d5e1b771:0x25d3ec0017e1c7c7",
        "Address": "2028 Clinton St, Buffalo, NY 14206, USA",
        "category": "ride_refresh_repeat"
      }
    },
    {
      "type": "Feature",
      "geometry": {
        "type": "Point",
        "coordinates": [
          -78.8700511,
          42.8912087
        ]
      },
      "properties": {
        "name": "Brothers Restaurant and Bar",
        "url": "https://www.google.com/maps/place/Brothers+Restaurant+and+Bar/data=!4m2!3m1!1s0x89d36dde0572f749:0x3326ec09e6eaa35a",
        "Address": "475 Ellicott St, Buffalo, NY 14203, USA",
        "category": "ride_refresh_repeat"
      }
    },
    {
      "type": "Feature",
      "geometry": {
        "type": "Point",
        "coordinates": [
          -78.8246213,
          42.8643761
        ]
      },
      "properties": {
        "name": "Brandys pub",
        "url": "https://www.google.com/maps/place/Brandys+pub/data=!4m2!3m1!1s0x89d30dd6464c0c8d:0xdbe62c4bf0ddd695",
        "Address": "805 Elk St, Buffalo, NY 14210, USA",
        "category": "ride_refresh_repeat"
      }
    },
    {
      "type": "Feature",
      "geometry": {
        "type": "Point",
        "coordinates": [
          -78.8685403,
          42.8966978
        ]
      },
      "properties": {
        "name": "Ulrich's 1868 Tavern",
        "url": "https://www.google.com/maps/place/Ulrich's+1868+Tavern/data=!4m2!3m1!1s0x89d3125bcf98fd35:0x5d8373b55a3d01ad",
        "Address": "674 Ellicott St, Buffalo, NY 14203, USA",
        "category": "ride_refresh_repeat"
      }
    },
    {
      "type": "Feature",
      "geometry": {
        "type": "Point",
        "coordinates": [
          -78.870317,
          42.889329
        ]
      },
      "properties": {
        "name": "Eddie Brady's",
        "url": "https://www.google.com/maps/place/Eddie+Brady's/data=!4m2!3m1!1s0x89d31245b9152545:0xb2bd31941a931eb1",
        "Address": "97 Genesee St, Buffalo, NY 14203, USA",
        "category": "ride_refresh_repeat"
      }
    },
    {
      "type": "Feature",
      "geometry": {
        "type": "Point",
        "coordinates": [
          -78.8718363,
          42.8867326
        ]
      },
      "properties": {
        "name": "Electric Avenue Cafe",
        "url": "https://www.google.com/maps/place/Electric+Avenue+Cafe/data=!4m2!3m1!1s0x89d312462476d9ed:0xbcc65f51545afbb3",
        "Address": "300 Ellicott St, Buffalo, NY 14203, USA",
        "category": "ride_refresh_repeat"
      }
    },
    {
      "type": "Feature",
      "geometry": {
        "type": "Point",
        "coordinates": [
          -78.876689,
          42.889622
        ]
      },
      "properties": {
        "name": "Sidelines Sports Bar and Grill",
        "url": "https://www.google.com/maps/place/Sidelines+Sports+Bar+and+Grill/data=!4m2!3m1!1s0x89d3124ebefb0187:0xe89db72c4d6e00e7",
        "Address": "189 Delaware Ave, Buffalo, NY 14202, USA",
        "category": "ride_refresh_repeat"
      }
    },
    {
      "type": "Feature",
      "geometry": {
        "type": "Point",
        "coordinates": [
          -78.8725692,
          42.8923289
        ]
      },
      "properties": {
        "name": "42 North Brewing Company",
        "url": "https://www.google.com/maps/place/42+North+Brewing+Company/data=!4m2!3m1!1s0x89d3130074778453:0x4099ea7d96c218cb",
        "Address": "674 Main St, Buffalo, NY 14202, USA",
        "category": "ride_refresh_repeat"
      }
    },
    {
      "type": "Feature",
      "geometry": {
        "type": "Point",
        "coordinates": [
          -78.8756086,
          42.8899798
        ]
      },
      "properties": {
        "name": "Greatest Of All Time",
        "url": "https://www.google.com/maps/place/Greatest+Of+All+Time/data=!4m2!3m1!1s0x89d313b9f865fafd:0xc6534d5ea5b90d0e",
        "Address": "228 Franklin St, Buffalo, NY 14202, USA",
        "category": "ride_refresh_repeat"
      }
    },
    {
      "type": "Feature",
      "geometry": {
        "type": "Point",
        "coordinates": [
          -78.8141276,
          42.8988005
        ]
      },
      "properties": {
        "name": "Macky's Shamrock Room",
        "url": "https://www.google.com/maps/place/Macky's+Shamrock+Room/data=!4m2!3m1!1s0x89d30d0ae7973b8f:0xf00f7e179f0de3e0",
        "Address": "1634 Bailey Ave, Buffalo, NY 14212, USA",
        "category": "ride_refresh_repeat"
      }
    },
    {
      "type": "Feature",
      "geometry": {
        "type": "Point",
        "coordinates": [
          -78.8870649,
          42.9114425
        ]
      },
      "properties": {
        "name": "Extra Extra Pizza",
        "url": "https://www.google.com/maps/place/Extra+Extra+Pizza/data=!4m2!3m1!1s0x89d313dd79732c27:0xf20745b5ab5f42b0",
        "Address": "549 W Utica St, Buffalo, NY 14213, USA",
        "category": "ride_refresh_repeat"
      }
    },
    {
      "type": "Feature",
      "geometry": {
        "type": "Point",
        "coordinates": [
          -78.8209807,
          42.8730179
        ]
      },
      "properties": {
        "name": "Wildflower Meadery",
        "url": "https://www.google.com/maps/place/Wildflower+Meadery/data=!4m2!3m1!1s0x89d30d54cdcc27f7:0x1605e5129b4ba348",
        "Address": "1500 Clinton St Bay 167, Buffalo, NY 14206, USA",
        "category": "ride_refresh_repeat"
      }
    },
    {
      "type": "Feature",
      "geometry": {
        "type": "Point",
        "coordinates": [
          -78.8578663,
          42.8659282
        ]
      },
      "properties": {
        "name": "Cook's Bar & Grill",
        "url": "https://www.google.com/maps/place/Cook's+Bar+%26+Grill/data=!4m2!3m1!1s0x89d3121ee3caf1ed:0x8e6c3827cd2a2ce8",
        "Address": "222 Katherine St, Buffalo, NY 14210, USA",
        "category": "ride_refresh_repeat"
      }
    },
    {
      "type": "Feature",
      "geometry": {
        "type": "Point",
        "coordinates": [
          -78.8425472,
          42.8665074
        ]
      },
      "properties": {
        "name": "The Powerhouse by The Rich Entertainment Group",
        "url": "https://www.google.com/maps/place/The+Powerhouse+by+The+Rich+Entertainment+Group/data=!4m2!3m1!1s0x89d313d9e7c19c17:0x339a906b2b62842c",
        "Address": "140 Lee St, Buffalo, NY 14210, USA",
        "category": "ride_refresh_repeat"
      }
    },
    {
      "type": "Feature",
      "geometry": {
        "type": "Point",
        "coordinates": [
          -78.8652709,
          42.8668792
        ]
      },
      "properties": {
        "name": "Frequentem Brewing Co. Buffalo",
        "url": "https://www.google.com/maps/place/Frequentem+Brewing+Co.+Buffalo/data=!4m2!3m1!1s0x89d313d00335ccb7:0xc8e467b7d91405a6",
        "Address": "225 Louisiana St Suite 107, Buffalo, NY 14204, USA",
        "category": "ride_refresh_repeat"
      }
    },
    {
      "type": "Feature",
      "geometry": {
        "type": "Point",
        "coordinates": [
          -78.8707596,
          42.9665408
        ]
      },
      "properties": {
        "name": "Mike & Pop's Bistro & Tavern",
        "url": "https://www.google.com/maps/place/Mike+%26+Pop's+Bistro+%26+Tavern/data=!4m2!3m1!1s0x89d36d4ffee91dc5:0x72d8bb29c2ece8bb",
        "Address": "3020 Delaware Ave, Buffalo, NY 14217, USA",
        "category": "ride_refresh_repeat"
      }
    },
    {
      "type": "Feature",
      "geometry": {
        "type": "Point",
        "coordinates": [
          -78.8072571,
          42.8533705
        ]
      },
      "properties": {
        "name": "Bottle Rocket Beer Reserve",
        "url": "https://www.google.com/maps/place/Bottle+Rocket+Beer+Reserve/data=!4m2!3m1!1s0x89d30f72482f699f:0xe5546ae102bb3b5f",
        "Address": "2182 Seneca St, Buffalo, NY 14210, USA",
        "category": "ride_refresh_repeat"
      }
    },
    {
      "type": "Feature",
      "geometry": {
        "type": "Point",
        "coordinates": [
          -78.8394026,
          42.9477078
        ]
      },
      "properties": {
        "name": "JP\u2019s Checkers",
        "url": "https://www.google.com/maps/place/JP%E2%80%99s+Checkers/data=!4m2!3m1!1s0x89d36da1a9c437df:0x1e9a998f5dfd23b1",
        "Address": "1854 Hertel Ave, Buffalo, NY 14216, USA",
        "category": "ride_refresh_repeat"
      }
    },
    {
      "type": "Feature",
      "geometry": {
        "type": "Point",
        "coordinates": [
          -78.8528412,
          42.9479917
        ]
      },
      "properties": {
        "name": "Steel Leaf Brewing Co.",
        "url": "https://www.google.com/maps/place/Steel+Leaf+Brewing+Co./data=!4m2!3m1!1s0x89d36d003df39b6d:0xdb17e846ab74abab",
        "Address": "1488 Hertel Ave, Buffalo, NY 14216, USA",
        "category": "ride_refresh_repeat"
      }
    },
    {
      "type": "Feature",
      "geometry": {
        "type": "Point",
        "coordinates": [
          -78.8726597,
          42.8883086
        ]
      },
      "properties": {
        "name": "Streetlight Brasserie",
        "url": "https://www.google.com/maps/place/Streetlight+Brasserie/data=!4m2!3m1!1s0x89d313d66c68de11:0x90c54c43e777ae44",
        "Address": "5 E Huron St, Buffalo, NY 14203, USA",
        "category": "ride_refresh_repeat"
      }
    },
    {
      "type": "Feature",
      "geometry": {
        "type": "Point",
        "coordinates": [
          -78.8733541,
          42.8881913
        ]
      },
      "properties": {
        "name": "Graylynn",
        "url": "https://www.google.com/maps/place/Graylynn/data=!4m2!3m1!1s0x89d313daa61ab9cf:0xf202976e84a860eb",
        "Address": "537 Main St, Buffalo, NY 14203, USA",
        "category": "ride_refresh_repeat"
      }
    },
    {
      "type": "Feature",
      "geometry": {
        "type": "Point",
        "coordinates": [
          -78.8755354,
          42.8802357
        ]
      },
      "properties": {
        "name": "Other Half Brewing - Buffalo Taproom",
        "url": "https://www.google.com/maps/place/Other+Half+Brewing+-+Buffalo+Taproom/data=!4m2!3m1!1s0x89d31351054f0809:0x7bc71cbec565e2c8",
        "Address": "1 Seneca St, Buffalo, NY 14203, USA",
        "category": "ride_refresh_repeat"
      }
    },
    {
      "type": "Feature",
      "geometry": {
        "type": "Point",
        "coordinates": [
          -78.8029316,
          42.8895572
        ]
      },
      "properties": {
        "name": "Buffalo Olde Brewery",
        "url": "https://www.google.com/maps/place/Buffalo+Olde+Brewery/data=!4m2!3m1!1s0x89d30dd415402b37:0x80bb5f5e45ca28dd",
        "Address": "1221 E Lovejoy St, Buffalo, NY 14206, USA",
        "category": "ride_refresh_repeat"
      }
    },
    {
      "type": "Feature",
      "geometry": {
        "type": "Point",
        "coordinates": [
          -78.8555918,
          42.8781292
        ]
      },
      "properties": {
        "name": "Belt Line Brewery & Kitchen",
        "url": "https://www.google.com/maps/place/Belt+Line+Brewery+%26+Kitchen/data=!4m2!3m1!1s0x89d3134df0db91fd:0x635e52c9f7723c15",
        "Address": "545 Swan St, Buffalo, NY 14204, USA",
        "category": "ride_refresh_repeat"
      }
    },
    {
      "type": "Feature",
      "geometry": {
        "type": "Point",
        "coordinates": [
          -78.8762482,
          42.8783736
        ]
      },
      "properties": {
        "name": "Pod City Beer Labs",
        "url": "https://www.google.com/maps/place/Pod+City+Beer+Labs/data=!4m2!3m1!1s0x89d313840f34534d:0x87cdb322a823b78f",
        "Address": "125 Main St #110, Buffalo, NY 14203, USA",
        "category": "ride_refresh_repeat"
      }
    },
    {
      "type": "Feature",
      "geometry": {
        "type": "Point",
        "coordinates": [
          -78.8475799,
          42.8754577
        ]
      },
      "properties": {
        "name": "Magic Bear Beer Cellar",
        "url": "https://www.google.com/maps/place/Magic+Bear+Beer+Cellar/data=!4m2!3m1!1s0x89d313e40c3d5459:0xdf19eb2376b71462",
        "Address": "799 Seneca St Suite B, Buffalo, NY 14210, USA",
        "category": "ride_refresh_repeat"
      }
    },
    {
      "type": "Feature",
      "geometry": {
        "type": "Point",
        "coordinates": [
          -78.8736051,
          42.89262
        ]
      },
      "properties": {
        "name": "Pour Taproom Buffalo",
        "url": "https://www.google.com/maps/place/Pour+Taproom+Buffalo/data=!4m2!3m1!1s0x89d31333b5cebfdd:0xceed37615b99ea84",
        "Address": "490 Pearl St, Buffalo, NY 14202, USA",
        "category": "ride_refresh_repeat"
      }
    },
    {
      "type": "Feature",
      "geometry": {
        "type": "Point",
        "coordinates": [
          -78.8580833,
          42.8782543
        ]
      },
      "properties": {
        "name": "Buffalo Brewing Company & Buffalo Deep Dish",
        "url": "https://www.google.com/maps/place/Buffalo+Brewing+Company+%26+Buffalo+Deep+Dish/data=!4m2!3m1!1s0x89d31215caaf791b:0x4a326e6c4f6bec89",
        "Address": "314 Myrtle Ave, Buffalo, NY 14204, USA",
        "category": "ride_refresh_repeat"
      }
    },
    {
      "type": "Feature",
      "geometry": {
        "type": "Point",
        "coordinates": [
          -78.9013388,
          42.9526249
        ]
      },
      "properties": {
        "name": "Buffalo Fresh lamb",
        "url": "https://www.google.com/maps/place/Buffalo+Fresh+lamb/data=!4m2!3m1!1s0x89d36dc8d1a5b73d:0xcc8ef1b80fcfb98e",
        "Address": "284 Ontario St, Buffalo, NY 14207, USA",
        "category": "bodacious_bodegas"
      }
    },
    {
      "type": "Feature",
      "geometry": {
        "type": "Point",
        "coordinates": [
          -78.8968212,
          42.9574984
        ]
      },
      "properties": {
        "name": "Ray's Convenient Shop",
        "url": "https://www.google.com/maps/place/Ray's+Convenient+Shop/data=!4m2!3m1!1s0x89d36cc49b404c13:0x6dc742560e7e8644",
        "Address": "514 Ontario St Apartment 1, Buffalo, NY 14207, USA",
        "category": "bodacious_bodegas"
      }
    },
    {
      "type": "Feature",
      "geometry": {
        "type": "Point",
        "coordinates": [
          -78.8997862,
          42.9538267
        ]
      },
      "properties": {
        "name": "Siri Asian Market",
        "url": "https://www.google.com/maps/place/Siri+Asian+Market/data=!4m2!3m1!1s0x89d36cc5f083fc23:0x4e627ae828206865",
        "Address": "357 Ontario St, Buffalo, NY 14207, USA",
        "category": "bodacious_bodegas"
      }
    },
    {
      "type": "Feature",
      "geometry": {
        "type": "Point",
        "coordinates": [
          -78.9041537,
          42.9498532
        ]
      },
      "properties": {
        "name": "Mega Eatz",
        "url": "https://www.google.com/maps/place/Mega+Eatz/data=!4m2!3m1!1s0x89d36d0067c2db29:0xe640f8fe0babb459",
        "Address": "778 Tonawanda St, Buffalo, NY 14207, USA",
        "category": "bodacious_bodegas"
      }
    },
    {
      "type": "Feature",
      "geometry": {
        "type": "Point",
        "coordinates": [
          -78.9086504,
          42.9594176
        ]
      },
      "properties": {
        "name": "Vulcan Express Mart & KITCHEN",
        "url": "https://www.google.com/maps/place/Vulcan+Express+Mart+%26+KITCHEN/data=!4m2!3m1!1s0x89d36cb8d518746d:0x66d5d8a0744aa681",
        "Address": "132 Vulcan St, Buffalo, NY 14207, USA",
        "category": "bodacious_bodegas"
      }
    },
    {
      "type": "Feature",
      "geometry": {
        "type": "Point",
        "coordinates": [
          -78.8858129,
          42.9020214
        ]
      },
      "properties": {
        "name": "Good Guys Deli & Grill",
        "url": "https://www.google.com/maps/place/Good+Guys+Deli+%26+Grill/data=!4m2!3m1!1s0x89d313aafaf08a1d:0x36f6c5e30e1b6618",
        "Address": "315 Jersey St, Buffalo, NY 14201, USA",
        "category": "bodacious_bodegas"
      }
    },
    {
      "type": "Feature",
      "geometry": {
        "type": "Point",
        "coordinates": [
          -78.828737,
          42.9481978
        ]
      },
      "properties": {
        "name": "Lasalle Market",
        "url": "https://www.google.com/maps/place/Lasalle+Market/data=!4m2!3m1!1s0x89d373007c46a131:0x2f881494985ef315",
        "Address": "3063 Main St, Buffalo, NY 14214, USA",
        "category": "bodacious_bodegas"
      }
    },
    {
      "type": "Feature",
      "geometry": {
        "type": "Point",
        "coordinates": [
          -78.8236865,
          42.9088569
        ]
      },
      "properties": {
        "name": "G & B Fish Shrimp and Chicken",
        "url": "https://www.google.com/maps/place/G+%26+B+Fish,+Shrimp+and+Chicken/data=!4m2!3m1!1s0x89d30df14b37b171:0x522ed91828e0c76b",
        "Address": "1532 Genesee St, Buffalo, NY 14211, USA",
        "category": "bodacious_bodegas"
      }
    },
    {
      "type": "Feature",
      "geometry": {
        "type": "Point",
        "coordinates": [
          -78.8399012,
          42.9388378
        ]
      },
      "properties": {
        "name": "Main Mini Market",
        "url": "https://www.google.com/maps/place/Main+Mini+Market/data=!4m2!3m1!1s0x89d36d553f2dea3b:0x8602edc3b71c4453",
        "Address": "2608 Main St, Buffalo, NY 14214, USA",
        "category": "bodacious_bodegas"
      }
    },
    {
      "type": "Feature",
      "geometry": {
        "type": "Point",
        "coordinates": [
          -78.8289728,
          42.9253442
        ]
      },
      "properties": {
        "name": "Grider Discount Mart",
        "url": "https://www.google.com/maps/place/Grider+Discount+Mart/data=!4m2!3m1!1s0x89d30d5ae5ea1b8b:0x98d88832e86770da",
        "Address": "389 Grider St #3018, Buffalo, NY 14215, USA",
        "category": "bodacious_bodegas"
      }
    },
    {
      "type": "Feature",
      "geometry": {
        "type": "Point",
        "coordinates": [
          -78.8240954,
          42.9086437
        ]
      },
      "properties": {
        "name": "Genesee Mini Mart Express",
        "url": "https://www.google.com/maps/place/Genesee+Mini+Mart+Express/data=!4m2!3m1!1s0x89d30d6e35339cc3:0x167ea216f7d9e49a",
        "Address": "1522 Genesee St, Buffalo, NY 14211, USA",
        "category": "bodacious_bodegas"
      }
    },
    {
      "type": "Feature",
      "geometry": {
        "type": "Point",
        "coordinates": [
          -78.8882364,
          42.9081307
        ]
      },
      "properties": {
        "name": "Vermont Mini Mart",
        "url": "https://www.google.com/maps/place/Vermont+Mini+Mart/data=!4m2!3m1!1s0x89d3130144001f7d:0x6010b9fefcae7d39",
        "Address": "294 Vermont St A, Buffalo, NY 14213, USA",
        "category": "bodacious_bodegas"
      }
    },
    {
      "type": "Feature",
      "geometry": {
        "type": "Point",
        "coordinates": [
          -78.8240122,
          42.9638431
        ]
      },
      "properties": {
        "name": "Unlimited Minimart",
        "url": "https://www.google.com/maps/place/Unlimited+Minimart/data=!4m2!3m1!1s0x89d37291b5030829:0xda7e30e2b098f35a",
        "Address": "354 Niagara Falls Blvd, Buffalo, NY 14223, USA",
        "category": "bodacious_bodegas"
      }
    },
    {
      "type": "Feature",
      "geometry": {
        "type": "Point",
        "coordinates": [
          -78.8937431,
          42.9370844
        ]
      },
      "properties": {
        "name": "Best Deal Mini Mart",
        "url": "https://www.google.com/maps/place/Best+Deal+Mini+Mart/data=!4m2!3m1!1s0x89d3132e3e127779:0x64ff2b26e436f59d",
        "Address": "268 Amherst St, Buffalo, NY 14207, USA",
        "category": "bodacious_bodegas"
      }
    },
    {
      "type": "Feature",
      "geometry": {
        "type": "Point",
        "coordinates": [
          -78.905475,
          42.93981
        ]
      },
      "properties": {
        "name": "Limit Spot Inc",
        "url": "https://www.google.com/maps/place/Limit+Spot+Inc/data=!4m2!3m1!1s0x89d31335e354f47b:0x5cb315c43b10da5f",
        "Address": "2050 Niagara St, Buffalo, NY 14207, USA",
        "category": "bodacious_bodegas"
      }
    },
    {
      "type": "Feature",
      "geometry": {
        "type": "Point",
        "coordinates": [
          -78.8779335,
          42.8841245
        ]
      },
      "properties": {
        "name": "Munchie Mike's",
        "url": "https://www.google.com/maps/place/Munchie+Mike's/data=!4m2!3m1!1s0x89d31327d5b6eccb:0x2ac418dda061b109",
        "Address": "92 Franklin St, Buffalo, NY 14202, USA",
        "category": "bodacious_bodegas"
      }
    },
    {
      "type": "Feature",
      "geometry": {
        "type": "Point",
        "coordinates": [
          -78.8388848,
          42.9334812
        ]
      },
      "properties": {
        "name": "Fillmore Mini Mart",
        "url": "https://www.google.com/maps/place/Fillmore+Mini+Mart/data=!4m2!3m1!1s0x89d312aa10e845d1:0xfd9a94c212ae180e",
        "Address": "2187 Fillmore Ave, Buffalo, NY 14214, USA",
        "category": "bodacious_bodegas"
      }
    },
    {
      "type": "Feature",
      "geometry": {
        "type": "Point",
        "coordinates": [
          -78.8917128,
          42.9416883
        ]
      },
      "properties": {
        "name": "Us Mini Mart Inc",
        "url": "https://www.google.com/maps/place/Us+Mini+Mart,+Inc/data=!4m2!3m1!1s0x89d3132ce09510eb:0xacaea05a9df987bb",
        "Address": "179 Military Rd, Buffalo, NY 14207, USA",
        "category": "bodacious_bodegas"
      }
    },
    {
      "type": "Feature",
      "geometry": {
        "type": "Point",
        "coordinates": [
          -78.902959,
          42.9485115
        ]
      },
      "properties": {
        "name": "Hunt Mini Mart",
        "url": "https://www.google.com/maps/place/Hunt+Mini+Mart/data=!4m2!3m1!1s0x89d36ccbd3d0e563:0x2df1414f67f40893",
        "Address": "721 Tonawanda St, Buffalo, NY 14207, USA",
        "category": "bodacious_bodegas"
      }
    },
    {
      "type": "Feature",
      "geometry": {
        "type": "Point",
        "coordinates": [
          -78.8903101,
          42.9164282
        ]
      },
      "properties": {
        "name": "Grant Mini Mart And Deli. LLC",
        "url": "https://www.google.com/maps/place/Grant+Mini+Mart+And+Deli.+LLC/data=!4m2!3m1!1s0x89d31335c318ce9d:0x60b8acb5d6fb56aa",
        "Address": "91 Grant St, Buffalo, NY 14213, USA",
        "category": "bodacious_bodegas"
      }
    },
    {
      "type": "Feature",
      "geometry": {
        "type": "Point",
        "coordinates": [
          -78.8826987,
          42.8916229
        ]
      },
      "properties": {
        "name": "Water Front Mini Mart",
        "url": "https://www.google.com/maps/place/Water+Front+Mini+Mart/data=!4m2!3m1!1s0x89d3124cd79941e1:0x7e77dc35fff7656d",
        "Address": "259 Niagara St, Buffalo, NY 14201, USA",
        "category": "bodacious_bodegas"
      }
    },
    {
      "type": "Feature",
      "geometry": {
        "type": "Point",
        "coordinates": [
          -78.8384486,
          42.8936691
        ]
      },
      "properties": {
        "name": "716 outlet",
        "url": "https://www.google.com/maps/place/716+outlet/data=!4m2!3m1!1s0x89d3131edd35d303:0x293183765c695563",
        "Address": "473 Jefferson Ave, Buffalo, NY 14204, USA",
        "category": "bodacious_bodegas"
      }
    },
    {
      "type": "Feature",
      "geometry": {
        "type": "Point",
        "coordinates": [
          -78.8070933,
          42.8719731
        ]
      },
      "properties": {
        "name": "Mini mart",
        "url": "https://www.google.com/maps/place/Mini+mart/data=!4m2!3m1!1s0x89d30d001654ba8f:0x4bfc3e73fcbe773d",
        "Address": "1096 Clinton St, Buffalo, NY 14206, USA",
        "category": "bodacious_bodegas"
      }
    },
    {
      "type": "Feature",
      "geometry": {
        "type": "Point",
        "coordinates": [
          -78.8635649,
          42.8738084
        ]
      },
      "properties": {
        "name": "Mini Mart",
        "url": "https://www.google.com/maps/place/Mini+Mart/data=!4m2!3m1!1s0x89d372ca232c1649:0x3fdb8c8b0913dbab",
        "Address": "3112 Bailey Ave, Buffalo, NY 14215, USA",
        "category": "bodacious_bodegas"
      }
    },
    {
      "type": "Feature",
      "geometry": {
        "type": "Point",
        "coordinates": [
          -78.8773828,
          42.9093884
        ]
      },
      "properties": {
        "name": "Elmwood Express Minimart",
        "url": "https://www.google.com/maps/place/Elmwood+Express+Minimart/data=!4m2!3m1!1s0x89d312fb8def4f6b:0xe9aac94f501a2503",
        "Address": "454 Elmwood Ave, Buffalo, NY 14222, USA",
        "category": "bodacious_bodegas"
      }
    },
    {
      "type": "Feature",
      "geometry": {
        "type": "Point",
        "coordinates": [
          -78.8070933,
          42.8719731
        ]
      },
      "properties": {
        "name": "Clinton Mini Mart",
        "url": "https://www.google.com/maps/place/Clinton+Mini+Mart/data=!4m2!3m1!1s0x89d30dc5d49166af:0xa01cb794f0bdabb2",
        "Address": "1880 Clinton St, Buffalo, NY 14206, USA",
        "category": "bodacious_bodegas"
      }
    },
    {
      "type": "Feature",
      "geometry": {
        "type": "Point",
        "coordinates": [
          -78.8916869,
          42.9457704
        ]
      },
      "properties": {
        "name": "Food Mart",
        "url": "https://www.google.com/maps/place/Food+Mart/data=!4m2!3m1!1s0x89d3124ceeea857f:0x8149e8d153c7b553",
        "Address": "211 Niagara St, Buffalo, NY 14201, USA",
        "category": "bodacious_bodegas"
      }
    },
    {
      "type": "Feature",
      "geometry": {
        "type": "Point",
        "coordinates": [
          -78.8930513,
          42.9154221
        ]
      },
      "properties": {
        "name": "Island Mini-Mart",
        "url": "https://www.google.com/maps/place/Island+Mini-Mart/data=!4m2!3m1!1s0x89d3131ac22b93d1:0xd3a7f5e13be504ee",
        "Address": "77-107 Herkimer St, Buffalo, NY 14213, USA",
        "category": "bodacious_bodegas"
      }
    },
    {
      "type": "Feature",
      "geometry": {
        "type": "Point",
        "coordinates": [
          -78.8904205,
          42.8990706
        ]
      },
      "properties": {
        "name": "Nickel City Mini-Mart LLC.",
        "url": "https://www.google.com/maps/place/Nickel+City+Mini-Mart+LLC./data=!4m2!3m1!1s0x89d313e924aa4307:0xf8a1be8e307c7619",
        "Address": "568 Niagara St, Buffalo, NY 14201, USA",
        "category": "bodacious_bodegas"
      }
    },
    {
      "type": "Feature",
      "geometry": {
        "type": "Point",
        "coordinates": [
          -78.8556501,
          42.9475384
        ]
      },
      "properties": {
        "name": "Em and Em's Books",
        "url": "https://maps.app.goo.gl/QNLNsjc9FoWfn29P6",
        "Address": "1415 Hertel Ave, Buffalo, NY 14216, USA",
        "category": "book_it"
      }
    },
    {
      "type": "Feature",
      "geometry": {
        "type": "Point",
        "coordinates": [
          -78.8734591,
          42.8878511
        ]
      },
      "properties": {
        "name": "Evening House Books",
        "url": "https://www.google.com/maps/place/Evening+House+Books/data=!4m2!3m1!1s0x89d313007368b97f:0x704ef83d396715c9",
        "Address": "523 Main St, Buffalo, NY 14203, USA",
        "category": "book_it"
      }
    },
    {
      "type": "Feature",
      "geometry": {
        "type": "Point",
        "coordinates": [
          -78.8554133,
          42.9475609
        ]
      },
      "properties": {
        "name": "Gutter Pop Comics",
        "url": "https://www.google.com/maps/place/Gutter+Pop+Comics/data=!4m2!3m1!1s0x89d312dc2ef310bb:0x49477c7db107af9d",
        "Address": "1421 Hertel Ave, Buffalo, NY 14216, USA",
        "category": "book_it"
      }
    },
    {
      "type": "Feature",
      "geometry": {
        "type": "Point",
        "coordinates": [
          -78.8769404,
          42.910261
        ]
      },
      "properties": {
        "name": "Inspiration Point",
        "url": "https://www.google.com/maps/place/Inspiration+Point/data=!4m2!3m1!1s0x89d312fb9d65a4b5:0xe1a4841338ca8637",
        "Address": "483 Elmwood Ave, Buffalo, NY 14222, USA",
        "category": "book_it"
      }
    },
    {
      "type": "Feature",
      "geometry": {
        "type": "Point",
        "coordinates": [
          -78.8859155,
          42.9069899
        ]
      },
      "properties": {
        "name": "Burning Books",
        "url": "https://www.google.com/maps/place/Burning+Books/data=!4m2!3m1!1s0x89d31301a5ea73c5:0x7a10397e9c1864c9",
        "Address": "420 Connecticut St, Buffalo, NY 14213, USA",
        "category": "book_it"
      }
    },
    {
      "type": "Feature",
      "geometry": {
        "type": "Point",
        "coordinates": [
          -78.8896006,
          42.9252363
        ]
      },
      "properties": {
        "name": "Rust Belt Books",
        "url": "https://www.google.com/maps/place/Rust+Belt+Books/data=!4m2!3m1!1s0x405bc0de9b34a0cd:0xbdb4026713220e1a",
        "Address": "415 Grant St, Buffalo, NY 14213, USA",
        "category": "book_it"
      }
    },
    {
      "type": "Feature",
      "geometry": {
        "type": "Point",
        "coordinates": [
          -78.8655129,
          42.9134605
        ]
      },
      "properties": {
        "name": "Fitz Books & Waffles",
        "url": "https://maps.app.goo.gl/QKq3sSN3KqhXSLae6",
        "Address": "1462 Main St, Buffalo, NY 14209, USA",
        "category": "book_it"
      }
    },
    {
      "type": "Feature",
      "geometry": {
        "type": "Point",
        "coordinates": [
          -78.8706629,
          42.964314
        ]
      },
      "properties": {
        "name": "Steward & Specter",
        "url": "https://www.google.com/maps/place/Steward+%26+Specter/data=!4m2!3m1!1s0x89d36dd497d26c91:0x9fcc38129a3aac7d",
        "Address": "2940 Delaware Ave, Buffalo, NY 14217, USA",
        "category": "book_it"
      }
    },
    {
      "type": "Feature",
      "geometry": {
        "type": "Point",
        "coordinates": [
          -78.8095662,
          42.845474
        ]
      },
      "properties": {
        "name": "Dog Ears Bookstore & Cafe",
        "url": "https://www.google.com/maps/place/Dog+Ears+Bookstore+%26+Cafe/data=!4m2!3m1!1s0x89d30e6e8398cb93:0x3ff1fd9b9cb03378",
        "Address": "688 Abbott Rd, Buffalo, NY 14220, USA",
        "category": "book_it"
      }
    },
    {
      "type": "Feature",
      "geometry": {
        "type": "Point",
        "coordinates": [
          -78.8373556,
          42.8976624
        ]
      },
      "properties": {
        "name": "Darul Hikmah Bookstore",
        "url": "https://www.google.com/maps/place/Darul+Hikmah+Bookstore/data=!4m2!3m1!1s0x89d30d8012722ad1:0x183b7e8e6a85241",
        "Address": "921 Sycamore St, Buffalo, NY 14212, USA",
        "category": "book_it"
      }
    },
    {
      "type": "Feature",
      "geometry": {
        "type": "Point",
        "coordinates": [
          -78.8319536,
          42.9453373
        ]
      },
      "properties": {
        "name": "Read It & Eat Bookshop - Buffalo's Culinary Bookstore",
        "url": "https://www.google.com/maps/place/Read+It+%26+Eat+Bookshop+-+Buffalo's+Culinary+Bookstore/data=!4m2!3m1!1s0x89d313d066390a3b:0x7f3f52c4c44ef6df",
        "Address": "2929 Main St, Buffalo, NY 14214, USA",
        "category": "book_it"
      }
    },
    {
      "type": "Feature",
      "geometry": {
        "type": "Point",
        "coordinates": [
          -78.8972892,
          42.9664378
        ]
      },
      "properties": {
        "name": "Book Depot",
        "url": "https://www.google.com/maps/place/Book+Depot/data=!4m2!3m1!1s0x89d36da70a4dcce7:0xc39046dfb92388fc",
        "Address": "2299 Kenmore Ave, Buffalo, NY 14207, USA",
        "category": "book_it"
      }
    },
    {
      "type": "Feature",
      "geometry": {
        "type": "Point",
        "coordinates": [
          -78.8262544,
          42.9511014
        ]
      },
      "properties": {
        "name": "Queen City Book Store",
        "url": "https://www.google.com/maps/place/Queen+City+Book+Store/data=!4m2!3m1!1s0x89d372bca871cd27:0x43b5af13029f139d",
        "Address": "3184 Main St, Buffalo, NY 14214, USA",
        "category": "book_it"
      }
    },
    {
      "type": "Feature",
      "geometry": {
        "type": "Point",
        "coordinates": [
          -78.8707084,
          42.8996103
        ]
      },
      "properties": {
        "name": "Afterglow Books",
        "url": "https://www.google.com/maps/place/Afterglow+Books/data=!4m2!3m1!1s0x89d3130047f8da0b:0x3f6f30ae6f86f5a5",
        "Address": "19 Allen St, Buffalo, NY 14202, USA",
        "category": "book_it"
      }
    },
    {
      "type": "Feature",
      "geometry": {
        "type": "Point",
        "coordinates": [
          -78.8504651,
          42.9380919
        ]
      },
      "properties": {
        "name": "Alice Ever After Books",
        "url": "https://www.google.com/maps/place/Alice,+Ever+After+Books/data=!4m2!3m1!1s0x89d313d73fa7b0ad:0xbbbb6700233cd054",
        "Address": "295 Parkside Ave, Buffalo, NY 14214, USA",
        "category": "book_it"
      }
    },
    {
      "type": "Feature",
      "geometry": {
        "type": "Point",
        "coordinates": [
          -78.865516,
          42.9134689
        ]
      },
      "properties": {
        "name": "Fitz Books & Waffles",
        "url": "https://www.google.com/maps/place/Fitz+Books+%26+Waffles/data=!4m2!3m1!1s0x89d313c9bedd1913:0x67c8a6430d808a74",
        "Address": "1462 Main St, Buffalo, NY 14209, USA",
        "category": "book_it"
      }
    },
    {
      "type": "Feature",
      "geometry": {
        "type": "Point",
        "coordinates": [
          -78.8900596,
          42.9248374
        ]
      },
      "properties": {
        "name": "Westside Stories",
        "url": "https://www.google.com/maps/place/Westside+Stories/data=!4m2!3m1!1s0x89d313194444a491:0x13f0f407e21a9dda",
        "Address": "398 Grant St Unit 3, Buffalo, NY 14213, USA",
        "category": "book_it"
      }
    },
    {
      "type": "Feature",
      "geometry": {
        "type": "Point",
        "coordinates": [
          -78.8988118,
          42.917578
        ]
      },
      "properties": {
        "name": "Black Rock Books",
        "url": "https://www.google.com/maps/place/Black+Rock+Books/data=!4m2!3m1!1s0x89d313bd2575c819:0x461e283ae1e9896",
        "Address": "1239 Niagara St, Buffalo, NY 14213, USA",
        "category": "book_it"
      }
    },
    {
      "type": "Feature",
      "geometry": {
        "type": "Point",
        "coordinates": [
          -78.8542114,
          42.9128371
        ]
      },
      "properties": {
        "name": "Zawadi Books",
        "url": "https://www.google.com/maps/place/Zawadi+Books/data=!4m2!3m1!1s0x89d3128d5532f215:0xa43cc6cae2ad5fdb",
        "Address": "1382 Jefferson Ave, Buffalo, NY 14208, USA",
        "category": "book_it"
      }
    },
    {
      "type": "Feature",
      "geometry": {
        "type": "Point",
        "coordinates": [
          -78.8767216,
          42.9231453
        ]
      },
      "properties": {
        "name": "Talking Leaves...Books",
        "url": "https://www.google.com/maps/place/Talking+Leaves...Books/data=!4m2!3m1!1s0x89d312ddee521703:0x9ef78c804be394b4",
        "Address": "951 Elmwood Ave, Buffalo, NY 14222, USA",
        "category": "book_it"
      }
    },
    {
      "type": "Feature",
      "geometry": {
        "type": "Point",
        "coordinates": [
          -78.8181952,
          42.8259847
        ]
      },
      "properties": {
        "name": "Holy Cross Cemetery",
        "url": "https://www.google.com/maps/place/Holy+Cross+Cemetery/data=!4m2!3m1!1s0x89d30e3661614ba7:0xc35dd5b724c2e4b",
        "Address": "861-929 Fr. Baker Blvd, Lackawanna, NY 14218, USA",
        "category": "grave_matters"
      }
    },
    {
      "type": "Feature",
      "geometry": {
        "type": "Point",
        "coordinates": [
          -78.8644504,
          42.9925698
        ]
      },
      "properties": {
        "name": "Elmlawn Memorial Park",
        "url": "https://www.google.com/maps/place/Elmlawn+Memorial+Park/data=!4m2!3m1!1s0x89d36dbc3b761c9f:0xe3cc7fc0254a3ef5",
        "Address": "3939 Delaware Ave, Kenmore, NY 14217, USA",
        "category": "grave_matters"
      }
    },
    {
      "type": "Feature",
      "geometry": {
        "type": "Point",
        "coordinates": [
          -78.7895449,
          42.9315433
        ]
      },
      "properties": {
        "name": "St Stanislaus Cemetery",
        "url": "https://www.google.com/maps/place/St+Stanislaus+Cemetery/data=!4m2!3m1!1s0x89d30cd4e92ef077:0xeefbd5adf0ac3715",
        "Address": "700 Pine Ridge Heritage Blvd, Buffalo, NY 14225, USA",
        "category": "grave_matters"
      }
    },
    {
      "type": "Feature",
      "geometry": {
        "type": "Point",
        "coordinates": [
          -78.793959,
          42.926588
        ]
      },
      "properties": {
        "name": "Mount Carmel Lodge Cemetery",
        "url": "https://www.google.com/maps/place/Mount+Carmel+Lodge+Cemetery/data=!4m2!3m1!1s0x89d30d5384f9a3b3:0x3c12927553a80c75",
        "Address": "540 Pine Ridge Heritage Blvd, Cheektowaga, NY 14225, USA",
        "category": "grave_matters"
      }
    },
    {
      "type": "Feature",
      "geometry": {
        "type": "Point",
        "coordinates": [
          -78.7880277,
          42.9223947
        ]
      },
      "properties": {
        "name": "Buffalo Cemetery",
        "url": "https://www.google.com/maps/place/Buffalo+Cemetery/data=!4m2!3m1!1s0x89d30cd9dce1cdcd:0x18cb986223831748",
        "Address": "2843 Harlem Rd, Cheektowaga, NY 14225, USA",
        "category": "grave_matters"
      }
    },
    {
      "type": "Feature",
      "geometry": {
        "type": "Point",
        "coordinates": [
          -78.85332,
          42.973
        ]
      },
      "properties": {
        "name": "North Bush Cemetery",
        "url": "https://www.google.com/maps/place/North+Bush+Cemetery/data=!4m2!3m1!1s0x89d36d98c71847a9:0x1e666a51f9f845b6",
        "Address": "1083 Englewood Ave, Buffalo, NY 14223, USA",
        "category": "grave_matters"
      }
    },
    {
      "type": "Feature",
      "geometry": {
        "type": "Point",
        "coordinates": [
          -78.9092386,
          42.9547568
        ]
      },
      "properties": {
        "name": "St. Francis Xavier Cemetery",
        "url": "https://www.google.com/maps/place/St.+Francis+Xavier+Cemetery/data=!4m2!3m1!1s0x89d36d1eaf4f763b:0x42000d635929cda1",
        "Address": "St Francis Pl, Buffalo, NY 14207, USA",
        "category": "grave_matters"
      }
    },
    {
      "type": "Feature",
      "geometry": {
        "type": "Point",
        "coordinates": [
          -78.8623267,
          42.9278164
        ]
      },
      "properties": {
        "name": "Forest Lawn",
        "url": "https://www.google.com/maps/place/Forest+Lawn/data=!4m2!3m1!1s0x89d312c77fe46789:0xf4e2bbfe92a69165",
        "Address": "1990 Main St, Buffalo, NY 14208, USA",
        "category": "grave_matters"
      }
    },
    {
      "type": "Feature",
      "geometry": {
        "type": "Point",
        "coordinates": [
          -78.8196657,
          42.9062297
        ]
      },
      "properties": {
        "name": "Concordia Cemetery",
        "url": "https://www.google.com/maps/place/Concordia+Cemetery/data=!4m2!3m1!1s0x89d30d727250f24d:0x53bc4afd551400b",
        "Address": "438 Walden Ave, Buffalo, NY 14211, USA",
        "category": "grave_matters"
      }
    },
    {
      "type": "Feature",
      "geometry": {
        "type": "Point",
        "coordinates": [
          -78.8758496,
          42.8797979
        ]
      },
      "properties": {
        "name": "Cloud Cover Coffee Cafe",
        "url": "https://www.google.com/maps/place/Cloud+Cover+Coffee+Cafe/data=!4m2!3m1!1s0x89d3136a611482cb:0x3ae9bff09262323",
        "Address": "1 Seneca St, Buffalo, NY 14203, USA",
        "Socials": "https://www.instagram.com/cloudcovercoffee",
        "category": "coffice_space"
      }
    },
    {
      "type": "Feature",
      "geometry": {
        "type": "Point",
        "coordinates": [
          -78.8764159,
          42.8799335
        ]
      },
      "properties": {
        "name": "Underground\u2019s Coffee Seneca One",
        "url": "https://www.google.com/maps/place/Underground%E2%80%99s+Coffee+Seneca+One/data=!4m2!3m1!1s0x89d3139c532fd13d:0xf0070529b18d4da9",
        "Address": "1 Seneca St, Buffalo, NY 14203, USA",
        "category": "coffice_space"
      }
    },
    {
      "type": "Feature",
      "geometry": {
        "type": "Point",
        "coordinates": [
          -78.8773303,
          42.8997629
        ]
      },
      "properties": {
        "name": "The Intersection",
        "url": "https://www.google.com/maps/place/The+Intersection/data=!4m2!3m1!1s0x89d313f4b5a27717:0xdf8c200c0aecbbe7",
        "Address": "100 Elmwood Ave, Buffalo, NY 14201, USA",
        "category": "coffice_space"
      }
    },
    {
      "type": "Feature",
      "geometry": {
        "type": "Point",
        "coordinates": [
          -78.8768329,
          42.9246689
        ]
      },
      "properties": {
        "name": "The Jade Turtle",
        "url": "https://www.google.com/maps/place/The+Jade+Turtle/data=!4m2!3m1!1s0x89d313beeb962ba3:0x2c85f91c896cb577",
        "Address": "1007 Elmwood Ave, Buffalo, NY 14222, USA",
        "category": "coffice_space"
      }
    },
    {
      "type": "Feature",
      "geometry": {
        "type": "Point",
        "coordinates": [
          -78.8773869,
          42.92675
        ]
      },
      "properties": {
        "name": "Tipico Coffee & Cafe",
        "url": "https://www.google.com/maps/place/Tipico+Coffee+%26+Cafe/data=!4m2!3m1!1s0x89d3137c8e5431ff:0xe39c1c8fcb6f5eb4",
        "Address": "1084 Elmwood Ave, Buffalo, NY 14222, USA",
        "category": "coffice_space"
      }
    },
    {
      "type": "Feature",
      "geometry": {
        "type": "Point",
        "coordinates": [
          -78.8694856,
          42.8897211
        ]
      },
      "properties": {
        "name": "Jacks Corner Cafe",
        "url": "https://www.google.com/maps/place/Jacks+Corner+Cafe/data=!4m2!3m1!1s0x89d313be55f9714f:0x8fff1a06f1d75b61",
        "Address": "111 Genesee St, Buffalo, NY 14203, USA",
        "category": "coffice_space"
      }
    },
    {
      "type": "Feature",
      "geometry": {
        "type": "Point",
        "coordinates": [
          -78.8635357,
          42.9475846
        ]
      },
      "properties": {
        "name": "Sana'a Cafe",
        "url": "https://www.google.com/maps/place/Sana'a+Cafe/data=!4m2!3m1!1s0x89d36d8beb54ef8f:0xf18c5a0051de3e38",
        "Address": "1207 Hertel Ave, Buffalo, NY 14216, USA",
        "category": "coffice_space"
      }
    },
    {
      "type": "Feature",
      "geometry": {
        "type": "Point",
        "coordinates": [
          -78.8625739,
          42.9475043
        ]
      },
      "properties": {
        "name": "Cafe Bewilderment",
        "url": "https://www.google.com/maps/place/Cafe+Bewilderment/data=!4m2!3m1!1s0x89d36d01de157a81:0x1109401310dea61d",
        "Address": "1235 Hertel Ave, Buffalo, NY 14216, USA",
        "category": "coffice_space"
      }
    },
    {
      "type": "Feature",
      "geometry": {
        "type": "Point",
        "coordinates": [
          -78.8623365,
          42.947956
        ]
      },
      "properties": {
        "name": "Caf\u00e9 On The Avenue",
        "url": "https://www.google.com/maps/place/Caf%C3%A9+On+The+Avenue/data=!4m2!3m1!1s0x89d36d37c832ec89:0x880213c2b492740b",
        "Address": "1240 Hertel Ave, Buffalo, NY 14216, USA",
        "category": "coffice_space"
      }
    },
    {
      "type": "Feature",
      "geometry": {
        "type": "Point",
        "coordinates": [
          -78.8987656,
          42.9183754
        ]
      },
      "properties": {
        "name": "Gold Lion Coffee House",
        "url": "https://www.google.com/maps/place/Gold+Lion+Coffee+House/data=!4m2!3m1!1s0x89d3139c618e4ea3:0xf7c011d3427eb52b",
        "Address": "1255 Niagara St Suite 120, Buffalo, NY 14213, USA",
        "category": "coffice_space"
      }
    },
    {
      "type": "Feature",
      "geometry": {
        "type": "Point",
        "coordinates": [
          -78.8538161,
          42.9112514
        ]
      },
      "properties": {
        "name": "Golden Cup Coffee",
        "url": "https://www.google.com/maps/place/Golden+Cup+Coffee/data=!4m2!3m1!1s0x89d3126238f1dca3:0xebb82460c563a64e",
        "Address": "1323 Jefferson Ave, Buffalo, NY 14208, USA",
        "category": "coffice_space"
      }
    },
    {
      "type": "Feature",
      "geometry": {
        "type": "Point",
        "coordinates": [
          -78.8772159,
          42.8880597
        ]
      },
      "properties": {
        "name": "Mesbaun's Corner cafe",
        "url": "https://www.google.com/maps/place/Mesbaun's+Corner+cafe/data=!4m2!3m1!1s0x89d312495006e689:0x62668fffd4ea3d40",
        "Address": "135 Delaware Ave, Buffalo, NY 14202, USA",
        "category": "coffice_space"
      }
    },
    {
      "type": "Feature",
      "geometry": {
        "type": "Point",
        "coordinates": [
          -78.8986272,
          42.9232074
        ]
      },
      "properties": {
        "name": "Bubble Tea and Smoothie Bar",
        "url": "https://www.google.com/maps/place/Bubble+Tea+and+Smoothie+Bar/data=!4m2!3m1!1s0x89d31344fe604a21:0xac239e38827073e2",
        "Address": "1432 Niagara St, Buffalo, NY 14213, USA",
        "category": "coffice_space"
      }
    },
    {
      "type": "Feature",
      "geometry": {
        "type": "Point",
        "coordinates": [
          -78.8474956,
          42.9474993
        ]
      },
      "properties": {
        "name": "Rise of WNY Coffeehouse",
        "url": "https://www.google.com/maps/place/Rise+of+WNY+Coffeehouse/data=!4m2!3m1!1s0x89d36dafa869014f:0xc31d6fcf46223a1b",
        "Address": "1643 Hertel Ave, Buffalo, NY 14216, USA",
        "category": "coffice_space"
      }
    },
    {
      "type": "Feature",
      "geometry": {
        "type": "Point",
        "coordinates": [
          -78.8786848,
          42.9417349
        ]
      },
      "properties": {
        "name": "Moriarty Meats",
        "url": "https://www.google.com/maps/place/Moriarty+Meats/data=!4m2!3m1!1s0x89d3131b459761bd:0x45ad971df83bf566",
        "Address": "1650 Elmwood Ave, Buffalo, NY 14207, USA",
        "category": "coffice_space"
      }
    },
    {
      "type": "Feature",
      "geometry": {
        "type": "Point",
        "coordinates": [
          -78.8761813,
          42.8824288
        ]
      },
      "properties": {
        "name": "VASILIS ORIGINAL RESTAURANT - Downtown",
        "url": "https://www.google.com/maps/place/VASILIS+ORIGINAL+RESTAURANT+-+Downtown/data=!4m2!3m1!1s0x89d3137fc45a720f:0x4b1902aa78f91ad2",
        "Address": "18 Cathedral Park, Buffalo, NY 14202, USA",
        "category": "coffice_space"
      }
    },
    {
      "type": "Feature",
      "geometry": {
        "type": "Point",
        "coordinates": [
          -78.8391934,
          42.9477818
        ]
      },
      "properties": {
        "name": "The Bean on Hertel",
        "url": "https://www.google.com/maps/place/The+Bean+on+Hertel/data=!4m2!3m1!1s0x89d36d7d2e0ac793:0x6f5970cca7c7bd2e",
        "Address": "1862 Hertel Ave, Buffalo, NY 14216, USA",
        "category": "coffice_space"
      }
    },
    {
      "type": "Feature",
      "geometry": {
        "type": "Point",
        "coordinates": [
          -78.8905474,
          42.919996
        ]
      },
      "properties": {
        "name": "The Healing Grounds Caf\u00e9",
        "url": "https://www.google.com/maps/place/The+Healing+Grounds+Caf%C3%A9/data=!4m2!3m1!1s0x89d3138115678d35:0xb8a0ff1f6a127a34",
        "Address": "220 Grant St, Buffalo, NY 14213, USA",
        "category": "coffice_space"
      }
    },
    {
      "type": "Feature",
      "geometry": {
        "type": "Point",
        "coordinates": [
          -78.8655407,
          42.8678818
        ]
      },
      "properties": {
        "name": "Sevens",
        "url": "https://www.google.com/maps/place/Sevens/data=!4m2!3m1!1s0x89d313001cb7ce37:0xacfafafdd2b0211c",
        "Address": "225 Louisiana St, Buffalo, NY 14204, USA",
        "category": "coffice_space"
      }
    },
    {
      "type": "Feature",
      "geometry": {
        "type": "Point",
        "coordinates": [
          -78.8031654,
          42.8500267
        ]
      },
      "properties": {
        "name": "Coffee & Crochet",
        "url": "https://www.google.com/maps/place/Coffee+%26+Crochet/data=!4m2!3m1!1s0x89d30f464ead4233:0x2d123f868d269ce1",
        "Address": "2342 Seneca St, Buffalo, NY 14210, USA",
        "category": "coffice_space"
      }
    },
    {
      "type": "Feature",
      "geometry": {
        "type": "Point",
        "coordinates": [
          -78.8668701,
          42.8800451
        ]
      },
      "properties": {
        "name": "McCullagh Coffee",
        "url": "https://www.google.com/maps/place/McCullagh+Coffee/data=!4m2!3m1!1s0x89d312392e8cfa21:0x95097a196ac7604d",
        "Address": "245 Swan St, Buffalo, NY 14204, USA",
        "category": "coffice_space"
      }
    },
    {
      "type": "Feature",
      "geometry": {
        "type": "Point",
        "coordinates": [
          -78.8756556,
          42.88113
        ]
      },
      "properties": {
        "name": "E Cafe at the Glenny",
        "url": "https://www.google.com/maps/place/E+Cafe+at+the+Glenny/data=!4m2!3m1!1s0x89d31236f9cd363b:0x272ebb1a981fef25",
        "Address": "249 Main St, Buffalo, NY 14203, USA",
        "category": "coffice_space"
      }
    },
    {
      "type": "Feature",
      "geometry": {
        "type": "Point",
        "coordinates": [
          -78.8769612,
          42.8913096
        ]
      },
      "properties": {
        "name": "Jake's Caf\u00e9",
        "url": "https://www.google.com/maps/place/Jake's+Caf%C3%A9/data=!4m2!3m1!1s0x89d3124e62681ac5:0x3c351dcab851e6fa",
        "Address": "250 Delaware Ave, Buffalo, NY 14202, USA",
        "category": "coffice_space"
      }
    },
    {
      "type": "Feature",
      "geometry": {
        "type": "Point",
        "coordinates": [
          -78.8760914,
          42.8821918
        ]
      },
      "properties": {
        "name": "Pete\u2019s Place Food Shop",
        "url": "https://www.google.com/maps/place/Pete%E2%80%99s+Place+Food+Shop/data=!4m2!3m1!1s0x89d3132e55bc3823:0x178f3893b29a4d80",
        "Address": "290 Main St, Buffalo, NY 14202, USA",
        "category": "coffice_space"
      }
    },
    {
      "type": "Feature",
      "geometry": {
        "type": "Point",
        "coordinates": [
          -78.8319536,
          42.9453373
        ]
      },
      "properties": {
        "name": "Seven Hearts Coffee Co",
        "url": "https://www.google.com/maps/place/Seven+Hearts+Coffee+Co/data=!4m2!3m1!1s0x89d3732ef1b2d7e5:0x21bb6793c4fdc40d",
        "Address": "2929 Main St, Buffalo, NY 14214, USA",
        "category": "coffice_space"
      }
    },
    {
      "type": "Feature",
      "geometry": {
        "type": "Point",
        "coordinates": [
          -78.8503977,
          42.9382312
        ]
      },
      "properties": {
        "name": "JAM Parkside",
        "url": "https://www.google.com/maps/place/JAM+Parkside/data=!4m2!3m1!1s0x89d3131d8a7930cb:0x41a9f98ae99099df",
        "Address": "301 Parkside Ave, Buffalo, NY 14214, USA",
        "category": "coffice_space"
      }
    },
    {
      "type": "Feature",
      "geometry": {
        "type": "Point",
        "coordinates": [
          -78.8756464,
          42.8824787
        ]
      },
      "properties": {
        "name": "LOUDBREW Cafe",
        "url": "https://www.google.com/maps/place/LOUDBREW+Cafe/data=!4m2!3m1!1s0x89d3137aa1c64541:0x74e091a110c30e5e",
        "Address": "304 Main St, Buffalo, NY 14202, USA",
        "category": "coffice_space"
      }
    },
    {
      "type": "Feature",
      "geometry": {
        "type": "Point",
        "coordinates": [
          -78.8728668,
          42.86859
        ]
      },
      "properties": {
        "name": "Wonder Coffeehouse",
        "url": "https://www.google.com/maps/place/Wonder+Coffeehouse/data=!4m2!3m1!1s0x89d3130b0c393e9d:0xe40b2615f1b0cda8",
        "Address": "323 Ganson St, Buffalo, NY 14203, USA",
        "category": "coffice_space"
      }
    },
    {
      "type": "Feature",
      "geometry": {
        "type": "Point",
        "coordinates": [
          -78.890197,
          42.938375
        ]
      },
      "properties": {
        "name": "Raha Coffee House",
        "url": "https://www.google.com/maps/place/Raha+Coffee+House/data=!4m2!3m1!1s0x89d313984b86499f:0x376b3e8767cf03ed",
        "Address": "370 Amherst St, Buffalo, NY 14207, USA",
        "category": "coffice_space"
      }
    },
    {
      "type": "Feature",
      "geometry": {
        "type": "Point",
        "coordinates": [
          -78.8772823,
          42.9090568
        ]
      },
      "properties": {
        "name": "Public Espresso",
        "url": "https://www.google.com/maps/place/Public+Espresso/data=!4m2!3m1!1s0x89d312487186ced9:0x97b75b2f2d09390",
        "Address": "391 Washington St, Buffalo, NY 14203, USA",
        "category": "coffice_space"
      }
    },
    {
      "type": "Feature",
      "geometry": {
        "type": "Point",
        "coordinates": [
          -78.8742993,
          42.8901285
        ]
      },
      "properties": {
        "name": "The Original Tea House",
        "url": "https://www.google.com/maps/place/The+Original+Tea+House/data=!4m2!3m1!1s0x89d3130041a8cc11:0x551bffa0c72823cb",
        "Address": "392 Pearl St Unit 101, Buffalo, NY 14202, USA",
        "category": "coffice_space"
      }
    },
    {
      "type": "Feature",
      "geometry": {
        "type": "Point",
        "coordinates": [
          -78.8737611,
          42.8895397
        ]
      },
      "properties": {
        "name": "Prova",
        "url": "https://www.google.com/maps/place/Prova/data=!4m2!3m1!1s0x89d3133844c9af2f:0x68f527863dd2751b",
        "Address": "40 Fountain Plz #180, Buffalo, NY 14202, USA",
        "category": "coffice_space"
      }
    },
    {
      "type": "Feature",
      "geometry": {
        "type": "Point",
        "coordinates": [
          -78.8860474,
          42.9116205
        ]
      },
      "properties": {
        "name": "Butter Block",
        "url": "https://www.google.com/maps/place/Butter+Block/data=!4m2!3m1!1s0x89d313fa7a113799:0xdb773608f1c2489f",
        "Address": "426 Rhode Island St, Buffalo, NY 14213, USA",
        "category": "coffice_space"
      }
    },
    {
      "type": "Feature",
      "geometry": {
        "type": "Point",
        "coordinates": [
          -78.8856747,
          42.9114506
        ]
      },
      "properties": {
        "name": "Remedy House",
        "url": "https://www.google.com/maps/place/Remedy+House/data=!4m2!3m1!1s0x89d31302f0ac4bb7:0x4ed8c4f2937e91f1",
        "Address": "429 Rhode Island St, Buffalo, NY 14213, USA",
        "category": "coffice_space"
      }
    },
    {
      "type": "Feature",
      "geometry": {
        "type": "Point",
        "coordinates": [
          -78.8856259,
          42.9108419
        ]
      },
      "properties": {
        "name": "Five Points Bakery",
        "url": "https://www.google.com/maps/place/Five+Points+Bakery/data=!4m2!3m1!1s0x89d31302fb60f171:0x47f5e38deb68cd9b",
        "Address": "44 Brayton St, Buffalo, NY 14213, USA",
        "category": "coffice_space"
      }
    },
    {
      "type": "Feature",
      "geometry": {
        "type": "Point",
        "coordinates": [
          -78.873251,
          42.886494
        ]
      },
      "properties": {
        "name": "The Lunch Box Buffalo",
        "url": "https://www.google.com/maps/place/The+Lunch+Box+Buffalo/data=!4m2!3m1!1s0x89d31316087e3f59:0xae25a55291c0fb2e",
        "Address": "465 Main St, Buffalo, NY 14203, USA",
        "category": "coffice_space"
      }
    },
    {
      "type": "Feature",
      "geometry": {
        "type": "Point",
        "coordinates": [
          -78.8745365,
          42.8871248
        ]
      },
      "properties": {
        "name": "E-Cafe",
        "url": "https://www.google.com/maps/place/E-Cafe/data=!4m2!3m1!1s0x89d31248ea99ef29:0xdce45263e236627e",
        "Address": "478 Main St, Buffalo, NY 14202, USA",
        "category": "coffice_space"
      }
    },
    {
      "type": "Feature",
      "geometry": {
        "type": "Point",
        "coordinates": [
          -78.8777399,
          43.0233849
        ]
      },
      "properties": {
        "name": "Coffee & Stone",
        "url": "https://www.google.com/maps/place/Coffee+%26+Stone/data=!4m2!3m1!1s0x89d36f1aee1b7911:0x782d40ff09814427",
        "Address": "54 Webster St, North Tonawanda, NY 14120, USA",
        "category": "coffice_space"
      }
    },
    {
      "type": "Feature",
      "geometry": {
        "type": "Point",
        "coordinates": [
          -78.8579356,
          42.8708558
        ]
      },
      "properties": {
        "name": "Undergrounds Coffee House and Roastery",
        "url": "https://www.google.com/maps/place/Undergrounds+Coffee+House+and+Roastery/data=!4m2!3m1!1s0x89d31219b499180f:0x1f387ab6c1a665b0",
        "Address": "580 South Park Ave, Buffalo, NY 14210, USA",
        "category": "coffice_space"
      }
    },
    {
      "type": "Feature",
      "geometry": {
        "type": "Point",
        "coordinates": [
          -78.8389322,
          42.8895286
        ]
      },
      "properties": {
        "name": "New York Fuska and Coffee Shop",
        "url": "https://www.google.com/maps/place/New+York+Fuska+and+Coffee+Shop/data=!4m2!3m1!1s0x89d313c54f14bccf:0x351293aaf9f358ba",
        "Address": "595 Fillmore Ave, Buffalo, NY 14212, USA",
        "category": "coffice_space"
      }
    },
    {
      "type": "Feature",
      "geometry": {
        "type": "Point",
        "coordinates": [
          -78.8725002,
          42.8992949
        ]
      },
      "properties": {
        "name": "Cafe 59",
        "url": "https://www.google.com/maps/place/Cafe+59/data=!4m2!3m1!1s0x89d31257625a69e3:0x569d6a50ad45e3f0",
        "Address": "62 Allen St, Buffalo, NY 14202, USA",
        "category": "coffice_space"
      }
    },
    {
      "type": "Feature",
      "geometry": {
        "type": "Point",
        "coordinates": [
          -78.8720874,
          42.891835
        ]
      },
      "properties": {
        "name": "Hearth + Press",
        "url": "https://www.google.com/maps/place/Hearth+%2B+Press/data=!4m2!3m1!1s0x89d31245675d6125:0xe4bafa4dc1f2bd09",
        "Address": "665 Main St, Buffalo, NY 14203, USA",
        "category": "coffice_space"
      }
    },
    {
      "type": "Feature",
      "geometry": {
        "type": "Point",
        "coordinates": [
          -78.8512196,
          42.8761771
        ]
      },
      "properties": {
        "name": "Kornerstone Cafe & Juice Bar Larkin",
        "url": "https://www.google.com/maps/place/Kornerstone+Cafe+%26+Juice+Bar+Larkin/data=!4m2!3m1!1s0x89d313a7f0284f1f:0x4d9ab90036be5119",
        "Address": "701 Seneca St, Buffalo, NY 14210, USA",
        "category": "coffice_space"
      }
    },
    {
      "type": "Feature",
      "geometry": {
        "type": "Point",
        "coordinates": [
          -78.8709826,
          42.8950458
        ]
      },
      "properties": {
        "name": "Third Space Cafe and Entertainment",
        "url": "https://www.google.com/maps/place/Third+Space+Cafe+and+Entertainment/data=!4m2!3m1!1s0x89d313280b4202d7:0xdd8aa16f4f6a1407",
        "Address": "777 Main St, Buffalo, NY 14203, USA",
        "category": "coffice_space"
      }
    },
    {
      "type": "Feature",
      "geometry": {
        "type": "Point",
        "coordinates": [
          -78.8474799,
          42.8754265
        ]
      },
      "properties": {
        "name": "Toasted by Buffalo Beauty Foodie",
        "url": "https://www.google.com/maps/place/Toasted+by+Buffalo+Beauty+Foodie/data=!4m2!3m1!1s0x89d31341ffa9cd57:0x9fd242be5cf3315e",
        "Address": "799 Seneca St Suite B, Buffalo, NY 14210, USA",
        "category": "coffice_space"
      }
    },
    {
      "type": "Feature",
      "geometry": {
        "type": "Point",
        "coordinates": [
          -78.8466909,
          42.9243481
        ]
      },
      "properties": {
        "name": "EM Tea Coffee Cup Cafe",
        "url": "https://www.google.com/maps/place/EM+Tea+Coffee+Cup+Cafe/data=!4m2!3m1!1s0x89d312a47ec655c3:0xa6d773ec90f1e4ad",
        "Address": "80 Oakgrove Ave, Buffalo, NY 14208, USA",
        "category": "coffice_space"
      }
    },
    {
      "type": "Feature",
      "geometry": {
        "type": "Point",
        "coordinates": [
          -78.8772196,
          42.9193107
        ]
      },
      "properties": {
        "name": "overwinter coffee - elmwood village",
        "url": "https://www.google.com/maps/place/overwinter+coffee+-+elmwood+village/data=!4m2!3m1!1s0x89d313ceca113673:0x8b6c821e394e6e36",
        "Address": "814 Elmwood Ave, Buffalo, NY 14222, USA",
        "category": "coffice_space"
      }
    },
    {
      "type": "Feature",
      "geometry": {
        "type": "Point",
        "coordinates": [
          -78.8475129,
          42.968133
        ]
      },
      "properties": {
        "name": "The Sugar Palette",
        "url": "https://www.google.com/maps/place/The+Sugar+Palette/data=!4m2!3m1!1s0x89d37753018a61bb:0x4dd94328fbdcbed1",
        "Address": "833 Englewood Ave, Buffalo, NY 14223, USA",
        "category": "coffice_space"
      }
    },
    {
      "type": "Feature",
      "geometry": {
        "type": "Point",
        "coordinates": [
          -78.8700215,
          42.8982627
        ]
      },
      "properties": {
        "name": "Unapologetic Coffee",
        "url": "https://www.google.com/maps/place/Unapologetic+Coffee/data=!4m2!3m1!1s0x89d3131e802fb8d3:0xc2ed8fdaf1d6dd8d",
        "Address": "899 Main St, Buffalo, NY 14203, USA",
        "category": "coffice_space"
      }
    },
    {
      "type": "Feature",
      "geometry": {
        "type": "Point",
        "coordinates": [
          -78.8730973,
          42.8882856
        ]
      },
      "properties": {
        "name": "overwinter coffee - downtown buffalo",
        "url": "https://www.google.com/maps/place/overwinter+coffee+-+downtown+buffalo/data=!4m2!3m1!1s0x89d3134466c0fdc3:0x6f394ccea0afd91d",
        "Address": "9 Genesee St, Buffalo, NY 14203, USA",
        "category": "coffice_space"
      }
    },
    {
      "type": "Feature",
      "geometry": {
        "type": "Point",
        "coordinates": [
          -78.8703023,
          42.8989109
        ]
      },
      "properties": {
        "name": "Penny's Coffee Shop",
        "url": "https://www.google.com/maps/place/Penny's+Coffee+Shop/data=!4m2!3m1!1s0x89d313c0a161c693:0x6d69cb2fe63975bf",
        "Address": "916 Main St, Buffalo, NY 14202, USA",
        "category": "coffice_space"
      }
    },
    {
      "type": "Feature",
      "geometry": {
        "type": "Point",
        "coordinates": [
          -78.8430599,
          42.873737
        ]
      },
      "properties": {
        "name": "Artigiana",
        "url": "https://www.google.com/maps/place/Artigiana/data=!4m2!3m1!1s0x89d313e24f472de1:0xbfc17bb0a19f3e59",
        "Address": "935 Seneca St, Buffalo, NY 14210, USA",
        "category": "coffice_space"
      }
    },
    {
      "type": "Feature",
      "geometry": {
        "type": "Point",
        "coordinates": [
          -78.8768527,
          42.9231898
        ]
      },
      "properties": {
        "name": "Caffe Aroma",
        "url": "https://www.google.com/maps/place/Caffe+Aroma/data=!4m2!3m1!1s0x89d3737a8c87e605:0xbc85f636a2d293df",
        "Address": "957 Elmwood Ave, Buffalo, NY 14222, USA",
        "category": "coffice_space"
      }
    },
    {
      "type": "Feature",
      "geometry": {
        "type": "Point",
        "coordinates": [
          -78.8623448,
          42.9370203
        ]
      },
      "properties": {
        "name": "The Juicery",
        "url": "https://www.google.com/maps/place/The+Juicery/data=!4m2!3m1!1s0x89d313a3d4a4e4a1:0x79781bc8a281360e",
        "Address": "Meadow Dr, Buffalo, NY 14214, USA",
        "category": "coffice_space"
      }
    },
    {
      "type": "Feature",
      "geometry": {
        "type": "Point",
        "coordinates": [
          -78.8739315,
          42.8938759
        ]
      },
      "properties": {
        "name": "Tudor Lounge",
        "url": "https://www.google.com/maps/place/Tudor+Lounge/data=!4m2!3m1!1s0x89d312503c59af59:0x558a9ae33f8aa4f",
        "Address": "335 Franklin St, Buffalo, NY 14202, USA",
        "Socials": "https://www.instagram.com/bucketdrawcomedy",
        "Showtimes": "Monday 9pm",
        "category": "gUFFAwLO"
      }
    },
    {
      "type": "Feature",
      "geometry": {
        "type": "Point",
        "coordinates": [
          -78.8743545,
          42.8743844
        ]
      },
      "properties": {
        "name": "Helium Comedy Club",
        "url": "https://www.google.com/maps/place/Helium+Comedy+Club/data=!4m2!3m1!1s0x89d31230292d18b9:0xe14f162b5aa2f273",
        "Address": "30 Mississippi St, Buffalo, NY 14203, USA",
        "Showtimes": "Varies",
        "category": "gUFFAwLO"
      }
    },
    {
      "type": "Feature",
      "geometry": {
        "type": "Point",
        "coordinates": [
          -78.8899909,
          42.9241776
        ]
      },
      "properties": {
        "name": "The Gypsy Parlor",
        "url": "https://www.google.com/maps/place/The+Gypsy+Parlor/data=!4m2!3m1!1s0x89d313220fdb3d49:0xe9cec42ee4702e4",
        "Address": "376 Grant St, Buffalo, NY 14213, USA",
        "category": "gUFFAwLO"
      }
    },
    {
      "type": "Feature",
      "geometry": {
        "type": "Point",
        "coordinates": [
          -78.876497,
          42.9421461
        ]
      },
      "properties": {
        "name": "Buffalo Improv House",
        "url": "https://www.google.com/maps/place/Buffalo+Improv+House/data=!4m2!3m1!1s0x8a072a5704a2a217:0xeeaa24ff99aad46e",
        "Address": "255 Great Arrow Ave Suite 207, Buffalo, NY 14207, USA",
        "category": "gUFFAwLO"
      }
    },
    {
      "type": "Feature",
      "geometry": {
        "type": "Point",
        "coordinates": [
          -78.8792181,
          42.9846131
        ]
      },
      "properties": {
        "name": "Rob's Comedy Playhouse",
        "url": "https://www.google.com/maps/place/Rob's+Comedy+Playhouse/data=!4m2!3m1!1s0x89d373ee078eda0d:0x40874775866d76e7",
        "Address": "3200 Elmwood Ave, Buffalo, NY 14217, USA",
        "category": "gUFFAwLO"
      }
    },
    {
      "type": "Feature",
      "geometry": {
        "type": "Point",
        "coordinates": [
          -78.8872117,
          42.9403582
        ]
      },
      "properties": {
        "name": "Rohall's Corner",
        "url": "https://maps.app.goo.gl/ZNphazx5gUT7YD6M9",
        "Address": "98 Howell St, Buffalo, NY 14207, USA",
        "category": "gUFFAwLO"
      }
    },
    {
      "type": "Feature",
      "geometry": {
        "type": "Point",
        "coordinates": [
          -78.825286,
          42.922724
        ]
      },
      "properties": {
        "name": "Community Garden Party",
        "url": "https://www.google.com/maps/place/Community+Garden+Party/data=!4m2!3m1!1s0x89d30d9c0d0d0027:0xf92d57ac1f6c3946",
        "Address": "852 E Delavan Ave, Buffalo, NY 14215, USA",
        "category": "community_gardens"
      }
    },
    {
      "type": "Feature",
      "geometry": {
        "type": "Point",
        "coordinates": [
          -78.813326,
          42.94356
        ]
      },
      "properties": {
        "name": "Bailey-Dartmouth Community Garden",
        "url": "https://www.google.com/maps/place/Bailey-Dartmouth+Community+Garden/data=!4m2!3m1!1s0x89d3739fc832e28d:0x498b3d4ccabd957f",
        "Address": "3259 Bailey Ave, Buffalo, NY 14215, USA",
        "category": "community_gardens"
      }
    },
    {
      "type": "Feature",
      "geometry": {
        "type": "Point",
        "coordinates": [
          -78.8419309,
          42.9565213
        ]
      },
      "properties": {
        "name": "CCI Community Garden",
        "url": "https://www.google.com/maps/place/CCI+Community+Garden/data=!4m2!3m1!1s0x89d36ddce8188b23:0x883a5fd0f2f261c4",
        "Address": "756 St Lawrence Ave, Buffalo, NY 14216, USA",
        "category": "community_gardens"
      }
    },
    {
      "type": "Feature",
      "geometry": {
        "type": "Point",
        "coordinates": [
          -78.8324853,
          42.9431838
        ]
      },
      "properties": {
        "name": "Bennett Campus Community Garden",
        "url": "https://www.google.com/maps/place/Bennett+Campus+Community+Garden/data=!4m2!3m1!1s0x89d373bcbbc3ec3f:0xe9b41d7768075893",
        "Address": "2885 Main St, Buffalo, NY 14214, USA",
        "category": "community_gardens"
      }
    },
    {
      "type": "Feature",
      "geometry": {
        "type": "Point",
        "coordinates": [
          -78.8457159,
          42.8887174
        ]
      },
      "properties": {
        "name": "Harriet's Garden",
        "url": "https://www.google.com/maps/place/Harriet's+Garden/data=!4m2!3m1!1s0x89d31381b829cc4f:0x3a3ff9c521dcab1e",
        "Address": "212 Stanton St, Buffalo, NY 14212, USA",
        "category": "community_gardens"
      }
    },
    {
      "type": "Feature",
      "geometry": {
        "type": "Point",
        "coordinates": [
          -78.884057,
          42.919229
        ]
      },
      "properties": {
        "name": "Putnam Street Community Garden",
        "url": "https://www.google.com/maps/place/Putnam+Street+Community+Garden/data=!4m2!3m1!1s0x89d3134392a32083:0x24e41a2f45355d17",
        "Address": "83 Putnam St, Buffalo, NY 14213, USA",
        "category": "community_gardens"
      }
    },
    {
      "type": "Feature",
      "geometry": {
        "type": "Point",
        "coordinates": [
          -78.8194593,
          42.9034126
        ]
      },
      "properties": {
        "name": "Harvey Austin Garden",
        "url": "https://www.google.com/maps/place/Harvey+Austin+Garden/data=!4m2!3m1!1s0x89d30d4201f40983:0x685c274300cb501",
        "Address": "1403 Sycamore St, Buffalo, NY 14211, USA",
        "category": "community_gardens"
      }
    },
    {
      "type": "Feature",
      "geometry": {
        "type": "Point",
        "coordinates": [
          -78.8290535,
          42.9529045
        ]
      },
      "properties": {
        "name": "Tyler Street Community Garden",
        "url": "https://www.google.com/maps/place/Tyler+Street+Community+Garden/data=!4m2!3m1!1s0x89d3737204773985:0xf07476bc32a6c5d8",
        "Address": "73 Tyler St, Buffalo, NY 14214, USA",
        "category": "community_gardens"
      }
    },
    {
      "type": "Feature",
      "geometry": {
        "type": "Point",
        "coordinates": [
          -78.860004,
          42.9208563
        ]
      },
      "properties": {
        "name": "East-West Community Garden",
        "url": "https://www.google.com/maps/place/East-West+Community+Garden/data=!4m2!3m1!1s0x89d3139d49a19509:0xe4c0b44342f6db",
        "Address": "1032 Lafayette Ave, Buffalo, NY 14209, USA",
        "category": "community_gardens"
      }
    },
    {
      "type": "Feature",
      "geometry": {
        "type": "Point",
        "coordinates": [
          -78.8307065,
          42.8817969
        ]
      },
      "properties": {
        "name": "FeedMore WNY Community Garden",
        "url": "https://www.google.com/maps/place/FeedMore+WNY+Community+Garden/data=!4m2!3m1!1s0x89d30d0888a2a381:0x2b0d30fa7829ef4",
        "Address": "88 Holt St, Buffalo, NY 14206, USA",
        "category": "community_gardens"
      }
    },
    {
      "type": "Feature",
      "geometry": {
        "type": "Point",
        "coordinates": [
          -78.8784897,
          42.9133044
        ]
      },
      "properties": {
        "name": "The Place",
        "url": "https://www.google.com/maps/place/The+Place/data=!4m2!3m1!1s0x89d312e351e680e7:0x9b2778d252684b2c",
        "Address": "229 Lexington Ave, Buffalo, NY 14222, USA",
        "category": "cozy_cocktails"
      }
    },
    {
      "type": "Feature",
      "geometry": {
        "type": "Point",
        "coordinates": [
          -78.8750005,
          42.8881955
        ]
      },
      "properties": {
        "name": "Lucky Day Whiskey Bar",
        "url": "https://www.google.com/maps/place/Lucky+Day+Whiskey+Bar/data=!4m2!3m1!1s0x89d31248d46f0b6f:0x7e1231f62f48cfa8",
        "Address": "320 Pearl St, Buffalo, NY 14202, USA",
        "category": "cozy_cocktails"
      }
    },
    {
      "type": "Feature",
      "geometry": {
        "type": "Point",
        "coordinates": [
          -78.8756415,
          42.9318143
        ]
      },
      "properties": {
        "name": "Cornelia",
        "url": "https://www.google.com/maps/place/Cornelia/data=!4m2!3m1!1s0x89d31398aedf3a85:0xfa0af809141c10fa",
        "Address": "1285 Elmwood Ave, Buffalo, NY 14222, USA",
        "category": "cozy_cocktails"
      }
    },
    {
      "type": "Feature",
      "geometry": {
        "type": "Point",
        "coordinates": [
          -78.8731697,
          42.932215
        ]
      },
      "properties": {
        "name": "The Terrace at Delaware Park",
        "url": "https://www.google.com/maps/place/The+Terrace+at+Delaware+Park/data=!4m2!3m1!1s0x89d312d075757f6f:0x4688a09d37da03c0",
        "Address": "199 Lincoln Pkwy, Buffalo, NY 14222, USA",
        "category": "cozy_cocktails"
      }
    },
    {
      "type": "Feature",
      "geometry": {
        "type": "Point",
        "coordinates": [
          -78.8725002,
          42.8992949
        ]
      },
      "properties": {
        "name": "Cafe 59",
        "url": "https://www.google.com/maps/place/Cafe+59/data=!4m2!3m1!1s0x89d31257625a69e3:0x569d6a50ad45e3f0",
        "Address": "62 Allen St, Buffalo, NY 14202, USA",
        "category": "cozy_cocktails"
      }
    },
    {
      "type": "Feature",
      "geometry": {
        "type": "Point",
        "coordinates": [
          -78.845524,
          42.8749884
        ]
      },
      "properties": {
        "name": "Buffalo Distilling Company",
        "url": "https://www.google.com/maps/place/Buffalo+Distilling+Company/data=!4m2!3m1!1s0x89d3120ebfc31059:0x7a4c35cca1fe2d29",
        "Address": "860 Seneca St, Buffalo, NY 14210, USA",
        "category": "cozy_cocktails"
      }
    },
    {
      "type": "Feature",
      "geometry": {
        "type": "Point",
        "coordinates": [
          -78.8686605,
          42.8698848
        ]
      },
      "properties": {
        "name": "Hartman's Distilling Co.",
        "url": "https://www.google.com/maps/place/Hartman's+Distilling+Co./data=!4m2!3m1!1s0x89d313d1c6f43eb1:0x4b14220334cf9157",
        "Address": "55 Chicago St, Buffalo, NY 14204, USA",
        "category": "cozy_cocktails"
      }
    },
    {
      "type": "Feature",
      "geometry": {
        "type": "Point",
        "coordinates": [
          -78.8873215,
          42.905878
        ]
      },
      "properties": {
        "name": "Southern Junction",
        "url": "https://www.google.com/maps/place/Southern+Junction/data=!4m2!3m1!1s0x89d36d7b9973a533:0x5556d97daca2594b",
        "Address": "365 Connecticut St, Buffalo, NY 14213, USA",
        "category": "cozy_cocktails"
      }
    },
    {
      "type": "Feature",
      "geometry": {
        "type": "Point",
        "coordinates": [
          -78.8770321,
          42.9010307
        ]
      },
      "properties": {
        "name": "Equal Parts",
        "url": "https://maps.app.goo.gl/Sdh6myuh7sjnJCgw6",
        "Address": "21 St Johns Pl, Buffalo, NY 14201, USA",
        "category": "cozy_cocktails"
      }
    },
    {
      "type": "Feature",
      "geometry": {
        "type": "Point",
        "coordinates": [
          -78.8496682,
          42.8765682
        ]
      },
      "properties": {
        "name": "Hydraulic Hearth",
        "url": "https://www.google.com/maps/place/Hydraulic+Hearth/data=!4m2!3m1!1s0x89d312120758dc53:0x89795d66037ba69a",
        "Address": "716 Swan St, Buffalo, NY 14210, USA",
        "category": "cozy_cocktails"
      }
    },
    {
      "type": "Feature",
      "geometry": {
        "type": "Point",
        "coordinates": [
          -78.8770074,
          42.8996459
        ]
      },
      "properties": {
        "name": "Casa Azul",
        "url": "https://www.google.com/maps/place/Casa+Azul/data=!4m2!3m1!1s0x89d31245ab249185:0xf21f4dd3bcb2ab10",
        "Address": "191 Allen St, Buffalo, NY 14201, USA",
        "category": "cozy_cocktails"
      }
    },
    {
      "type": "Feature",
      "geometry": {
        "type": "Point",
        "coordinates": [
          -78.8716602,
          42.8728345
        ]
      },
      "properties": {
        "name": "Ballyhoo",
        "url": "https://www.google.com/maps/place/Ballyhoo/data=!4m2!3m1!1s0x89d312255b14c459:0x74e934b5fd05c881",
        "Address": "211 South Park Ave, Buffalo, NY 14204, USA",
        "category": "cozy_cocktails"
      }
    },
    {
      "type": "Feature",
      "geometry": {
        "type": "Point",
        "coordinates": [
          -78.8705824,
          42.9691191
        ]
      },
      "properties": {
        "name": "Nowhere Lounge",
        "url": "https://www.google.com/maps/place/Nowhere+Lounge/data=!4m2!3m1!1s0x89d36db89482203f:0xd7ce61dd465a519c",
        "Address": "3115 Delaware Ave, Buffalo, NY 14217, USA",
        "category": "cozy_cocktails"
      }
    },
    {
      "type": "Feature",
      "geometry": {
        "type": "Point",
        "coordinates": [
          -78.87386,
          42.8939996
        ]
      },
      "properties": {
        "name": "Quenelle",
        "url": "https://www.google.com/maps/place/Quenelle/data=!4m2!3m1!1s0x89d313528cbe0919:0xb9bb63e0357d3346",
        "Address": "341 Franklin St, Buffalo, NY 14202, USA",
        "category": "cozy_cocktails"
      }
    },
    {
      "type": "Feature",
      "geometry": {
        "type": "Point",
        "coordinates": [
          -78.8734282,
          42.8934298
        ]
      },
      "properties": {
        "name": "Wxyz Bar+lounge",
        "url": "https://www.google.com/maps/place/Wxyz+Bar%2Blounge/data=!4m2!3m1!1s0x89d31248c896fe1b:0xcce9d298f5049d35",
        "Address": "512 Pearl St, Buffalo, NY 14202, USA",
        "category": "cozy_cocktails"
      }
    },
    {
      "type": "Feature",
      "geometry": {
        "type": "Point",
        "coordinates": [
          -78.8770412,
          42.9010216
        ]
      },
      "properties": {
        "name": "Equal Parts",
        "url": "https://www.google.com/maps/place/Equal+Parts/data=!4m2!3m1!1s0x89d313eb8eac19db:0x59f174142930fb7e",
        "Address": "149 Elmwood Ave, Buffalo, NY 14201, USA",
        "category": "cozy_cocktails"
      }
    },
    {
      "type": "Feature",
      "geometry": {
        "type": "Point",
        "coordinates": [
          -78.8468818,
          42.9804907
        ]
      },
      "properties": {
        "name": "Candyman Pizza",
        "url": "https://www.google.com/maps/place/Candyman+Pizza/data=!4m2!3m1!1s0x89d36d84bbff5d49:0x33725aac09772639",
        "Address": "2347 Sheridan Dr, Tonawanda, NY 14150, USA",
        "category": "cozy_cocktails"
      }
    },
    {
      "type": "Feature",
      "geometry": {
        "type": "Point",
        "coordinates": [
          -78.8700511,
          42.8912087
        ]
      },
      "properties": {
        "name": "Brothers Restaurant and Bar",
        "url": "https://www.google.com/maps/place/Brothers+Restaurant+and+Bar/data=!4m2!3m1!1s0x89d36dde0572f749:0x3326ec09e6eaa35a",
        "Address": "475 Ellicott St, Buffalo, NY 14203, USA",
        "category": "cozy_cocktails"
      }
    },
    {
      "type": "Feature",
      "geometry": {
        "type": "Point",
        "coordinates": [
          -78.8781157,
          42.8853919
        ]
      },
      "properties": {
        "name": "Deco Lounge",
        "url": "https://www.google.com/maps/place/Deco+Lounge/data=!4m2!3m1!1s0x89d313f262890bf1:0x146f9c2ddc24461a",
        "Address": "69 Delaware Ave, Buffalo, NY 14202, USA",
        "category": "cozy_cocktails"
      }
    },
    {
      "type": "Feature",
      "geometry": {
        "type": "Point",
        "coordinates": [
          -78.8708885,
          42.8969023
        ]
      },
      "properties": {
        "name": "The Winesmith",
        "url": "https://www.google.com/maps/place/The+Winesmith/data=!4m2!3m1!1s0x89d3125a19af384f:0xd16961f79f45437c",
        "Address": "846 Main St, Buffalo, NY 14202, USA",
        "category": "cozy_cocktails"
      }
    },
    {
      "type": "Feature",
      "geometry": {
        "type": "Point",
        "coordinates": [
          -78.872745,
          42.8868693
        ]
      },
      "properties": {
        "name": "IL MULINO - Cocktail Bar - Downtown",
        "url": "https://www.google.com/maps/place/IL+MULINO+-+Cocktail+Bar+-+Downtown/data=!4m2!3m1!1s0x89d3130044dfde63:0xb9440b761ef4c013",
        "Address": "465 Washington St, Buffalo, NY 14203, USA",
        "category": "cozy_cocktails"
      }
    },
    {
      "type": "Feature",
      "geometry": {
        "type": "Point",
        "coordinates": [
          -78.8698959,
          42.8807487
        ]
      },
      "properties": {
        "name": "Hombre y Lobo | Tacos + Tequila",
        "url": "https://www.google.com/maps/place/Hombre+y+Lobo+%7C+Tacos+%2B+Tequila/data=!4m2!3m1!1s0x89d313b89b7c21a1:0x5d33c69a3ab214f8",
        "Address": "149 Swan St Suite 1, Buffalo, NY 14203, USA",
        "category": "cozy_cocktails"
      }
    },
    {
      "type": "Feature",
      "geometry": {
        "type": "Point",
        "coordinates": [
          -78.8245329,
          42.952727
        ]
      },
      "properties": {
        "name": "Shango New Orleans Bistro & Wine Bar",
        "url": "https://www.google.com/maps/place/Shango+New+Orleans+Bistro+%26+Wine+Bar/data=!4m2!3m1!1s0x89d372bcfbb1c967:0x2c50e56f0e0f6d61",
        "Address": "3260 Main St, Buffalo, NY 14214, USA",
        "category": "cozy_cocktails"
      }
    },
    {
      "type": "Feature",
      "geometry": {
        "type": "Point",
        "coordinates": [
          -78.8760373,
          42.8893619
        ]
      },
      "properties": {
        "name": "Chez Ami Restaurant",
        "url": "https://www.google.com/maps/place/Chez+Ami+Restaurant/data=!4m2!3m1!1s0x89d3124ec4d0bbad:0x8a43748502d1a215",
        "Address": "210 Franklin St, Buffalo, NY 14202, USA",
        "category": "cozy_cocktails"
      }
    },
    {
      "type": "Feature",
      "geometry": {
        "type": "Point",
        "coordinates": [
          -78.8785144,
          42.9091488
        ]
      },
      "properties": {
        "name": "Aroma on Bryant",
        "url": "https://www.google.com/maps/place/Aroma+on+Bryant/data=!4m2!3m1!1s0x89d312fc0d3b7851:0xaf1cac1620569e4f",
        "Address": "307 Bryant St, Buffalo, NY 14222, USA",
        "category": "cozy_cocktails"
      }
    },
    {
      "type": "Feature",
      "geometry": {
        "type": "Point",
        "coordinates": [
          -78.8726597,
          42.8883086
        ]
      },
      "properties": {
        "name": "Streetlight Brasserie",
        "url": "https://www.google.com/maps/place/Streetlight+Brasserie/data=!4m2!3m1!1s0x89d313d66c68de11:0x90c54c43e777ae44",
        "Address": "5 E Huron St, Buffalo, NY 14203, USA",
        "category": "cozy_cocktails"
      }
    },
    {
      "type": "Feature",
      "geometry": {
        "type": "Point",
        "coordinates": [
          -78.8733541,
          42.8881913
        ]
      },
      "properties": {
        "name": "Graylynn",
        "url": "https://www.google.com/maps/place/Graylynn/data=!4m2!3m1!1s0x89d313daa61ab9cf:0xf202976e84a860eb",
        "Address": "537 Main St, Buffalo, NY 14203, USA",
        "category": "cozy_cocktails"
      }
    },
    {
      "type": "Feature",
      "geometry": {
        "type": "Point",
        "coordinates": [
          -78.8987999,
          42.9171985
        ]
      },
      "properties": {
        "name": "Mint Mojito Bar",
        "url": "https://www.google.com/maps/place/Mint+Mojito+Bar/data=!4m2!3m1!1s0x89d313ca85c7562f:0x5a4163726c17fba6",
        "Address": "1225 Niagara St, Buffalo, NY 14213, USA",
        "category": "cozy_cocktails"
      }
    },
    {
      "type": "Feature",
      "geometry": {
        "type": "Point",
        "coordinates": [
          -78.8917083,
          42.9385414
        ]
      },
      "properties": {
        "name": "The Cave",
        "url": "https://www.google.com/maps/place/The+Cave/data=!4m2!3m1!1s0x89d3130f8cc84fbd:0xb2f20470069da550",
        "Address": "71 Military Rd, Buffalo, NY 14207, USA",
        "category": "cozy_cocktails"
      }
    },
    {
      "type": "Feature",
      "geometry": {
        "type": "Point",
        "coordinates": [
          -78.8786178,
          42.8993798
        ]
      },
      "properties": {
        "name": "Billy Club",
        "url": "https://www.google.com/maps/place/Billy+Club/data=!4m2!3m1!1s0x89d3125410b1c501:0xf6680c3e1df4bf7b",
        "Address": "228 Allen St, Buffalo, NY 14201, USA",
        "category": "cozy_cocktails"
      }
    },
    {
      "type": "Feature",
      "geometry": {
        "type": "Point",
        "coordinates": [
          -78.872637,
          42.8734299
        ]
      },
      "properties": {
        "name": "Lockhouse Distillery and Bar",
        "url": "https://www.google.com/maps/place/Lockhouse+Distillery+and+Bar/data=!4m2!3m1!1s0x89d3122557d80d01:0xea69af346229fa10",
        "Address": "41 Columbia St, Buffalo, NY 14204, USA",
        "category": "cozy_cocktails"
      }
    },
    {
      "type": "Feature",
      "geometry": {
        "type": "Point",
        "coordinates": [
          -78.8578663,
          42.8659282
        ]
      },
      "properties": {
        "name": "Cook's Bar & Grill",
        "url": "https://www.google.com/maps/place/Cook's+Bar+%26+Grill/data=!4m2!3m1!1s0x89d3121ee3caf1ed:0x8e6c3827cd2a2ce8",
        "Address": "222 Katherine St, Buffalo, NY 14210, USA",
        "category": "dank_dives"
      }
    },
    {
      "type": "Feature",
      "geometry": {
        "type": "Point",
        "coordinates": [
          -78.8033084,
          42.8500463
        ]
      },
      "properties": {
        "name": "Mr. Sports All Star Bar",
        "url": "https://www.google.com/maps/place/Mr.+Sports+All+Star+Bar/data=!4m2!3m1!1s0x89d30e7a89e81ef7:0xc480c996dc486de1",
        "Address": "2340 Seneca St, Buffalo, NY 14210, USA",
        "category": "dank_dives"
      }
    },
    {
      "type": "Feature",
      "geometry": {
        "type": "Point",
        "coordinates": [
          -78.7981988,
          42.8714596
        ]
      },
      "properties": {
        "name": "SC Lounge",
        "url": "https://www.google.com/maps/place/SC+Lounge/data=!4m2!3m1!1s0x89d30dcbf93f8863:0x1f8b630d1ddb62d8",
        "Address": "2115 Clinton St, Buffalo, NY 14206, USA",
        "category": "dank_dives"
      }
    },
    {
      "type": "Feature",
      "geometry": {
        "type": "Point",
        "coordinates": [
          -78.8090133,
          42.8549766
        ]
      },
      "properties": {
        "name": "Hopper's Rush Inn",
        "url": "https://www.google.com/maps/place/Hopper's+Rush+Inn/data=!4m2!3m1!1s0x89d30e768c25caef:0xebdc46a9dd419c34",
        "Address": "2104 Seneca St, Buffalo, NY 14210, USA",
        "category": "dank_dives"
      }
    },
    {
      "type": "Feature",
      "geometry": {
        "type": "Point",
        "coordinates": [
          -78.8063822,
          42.8716688
        ]
      },
      "properties": {
        "name": "The Clinton Lounge",
        "url": "https://www.google.com/maps/place/The+Clinton+Lounge/data=!4m2!3m1!1s0x89d30df0380e799d:0xdbd434ef64bbd1a3",
        "Address": "1895 Clinton St, Buffalo, NY 14206, USA",
        "category": "dank_dives"
      }
    },
    {
      "type": "Feature",
      "geometry": {
        "type": "Point",
        "coordinates": [
          -78.7942247,
          42.8906185
        ]
      },
      "properties": {
        "name": "Nowaks Tavern",
        "url": "https://www.google.com/maps/place/Nowaks+Tavern/data=!4m2!3m1!1s0x89d30dab5d564b03:0xd304550e4fedb646",
        "Address": "1458 Lovejoy St, Buffalo, NY 14212, USA",
        "category": "dank_dives"
      }
    },
    {
      "type": "Feature",
      "geometry": {
        "type": "Point",
        "coordinates": [
          -78.8083762,
          42.8416518
        ]
      },
      "properties": {
        "name": "Molly Maguires",
        "url": "https://www.google.com/maps/place/Molly+Maguires/data=!4m2!3m1!1s0x89d30e6913ab205b:0x239687f4a8c05b3b",
        "Address": "834 Abbott Rd, Buffalo, NY 14220, USA",
        "category": "dank_dives"
      }
    },
    {
      "type": "Feature",
      "geometry": {
        "type": "Point",
        "coordinates": [
          -78.8239047,
          42.8438407
        ]
      },
      "properties": {
        "name": "Black Dog's Tavern",
        "url": "https://www.google.com/maps/place/Black+Dog's+Tavern/data=!4m2!3m1!1s0x89d30e16df79368d:0x767e26324c83635e",
        "Address": "2015 South Park Ave, Buffalo, NY 14220, USA",
        "category": "dank_dives"
      }
    },
    {
      "type": "Feature",
      "geometry": {
        "type": "Point",
        "coordinates": [
          -78.8493389,
          42.9072377
        ]
      },
      "properties": {
        "name": "Bird Cage",
        "url": "https://www.google.com/maps/place/Bird+Cage/data=!4m2!3m1!1s0x89d3128586ecf7af:0xd83e1ac1c002220f",
        "Address": "475 Northampton St Suite 1, Buffalo, NY 14208, USA",
        "category": "dank_dives"
      }
    },
    {
      "type": "Feature",
      "geometry": {
        "type": "Point",
        "coordinates": [
          -78.7754832,
          42.86803
        ]
      },
      "properties": {
        "name": "Vinny's",
        "url": "https://www.google.com/maps/place/Vinny's/data=!4m2!3m1!1s0x89d30c3c0d802c61:0xf5408964563f3a33",
        "Address": "2704 Clinton St, West Seneca, NY 14224",
        "category": "dank_dives"
      }
    },
    {
      "type": "Feature",
      "geometry": {
        "type": "Point",
        "coordinates": [
          -78.8354731,
          42.8880922
        ]
      },
      "properties": {
        "name": "Arty's",
        "url": "https://www.google.com/maps/place/Arty's/data=!4m2!3m1!1s0x89d30d885ff2e447:0xcc3341c9c372a2b2",
        "Address": "508 Peckham St, Buffalo, NY 14206, USA",
        "category": "dank_dives"
      }
    },
    {
      "type": "Feature",
      "geometry": {
        "type": "Point",
        "coordinates": [
          -78.8288751,
          42.8751922
        ]
      },
      "properties": {
        "name": "Old School Tavern",
        "url": "https://www.google.com/maps/place/Old+School+Tavern/data=!4m2!3m1!1s0x89d30df2398403f5:0x3088683bbf294380",
        "Address": "1263 Clinton St, Buffalo, NY 14206, USA",
        "category": "dank_dives"
      }
    },
    {
      "type": "Feature",
      "geometry": {
        "type": "Point",
        "coordinates": [
          -78.8355621,
          42.8834924
        ]
      },
      "properties": {
        "name": "Twilight Grill",
        "url": "https://www.google.com/maps/place/Twilight+Grill/data=!4m2!3m1!1s0x89d30d8a351be075:0xd42dce1401e06fab",
        "Address": "494 Howard St, Buffalo, NY 14206, USA",
        "category": "dank_dives"
      }
    },
    {
      "type": "Feature",
      "geometry": {
        "type": "Point",
        "coordinates": [
          -78.8348033,
          42.8835328
        ]
      },
      "properties": {
        "name": "Daren's Tavern",
        "url": "https://www.google.com/maps/place/Daren's+Tavern/data=!4m2!3m1!1s0x89d30d8bc8b94195:0x3631e919ddd9df0e",
        "Address": "514 Howard St, Buffalo, NY 14206, USA",
        "category": "dank_dives"
      }
    },
    {
      "type": "Feature",
      "geometry": {
        "type": "Point",
        "coordinates": [
          -78.8458104,
          42.8774044
        ]
      },
      "properties": {
        "name": "Smokey's Tavern",
        "url": "https://www.google.com/maps/place/Smokey's+Tavern/data=!4m2!3m1!1s0x89d3120c440f389d:0xa476d7f40eb626f",
        "Address": "805 S Division St, Buffalo, NY 14210, USA",
        "category": "dank_dives"
      }
    },
    {
      "type": "Feature",
      "geometry": {
        "type": "Point",
        "coordinates": [
          -78.8048654,
          42.8871451
        ]
      },
      "properties": {
        "name": "Willie's",
        "url": "https://www.google.com/maps/place/Willie's/data=!4m2!3m1!1s0x89d30da55afd8207:0xfb79749675f956aa",
        "Address": "247 Ludington St Suite 1, Buffalo, NY 14206, USA",
        "category": "dank_dives"
      }
    },
    {
      "type": "Feature",
      "geometry": {
        "type": "Point",
        "coordinates": [
          -78.8015568,
          42.871879
        ]
      },
      "properties": {
        "name": "Porky's",
        "url": "https://www.google.com/maps/place/Porky's/data=!4m2!3m1!1s0x89d30dc8d5e1b771:0x25d3ec0017e1c7c7",
        "Address": "2028 Clinton St, Buffalo, NY 14206, USA",
        "category": "dank_dives"
      }
    },
    {
      "type": "Feature",
      "geometry": {
        "type": "Point",
        "coordinates": [
          -78.811306,
          42.871691
        ]
      },
      "properties": {
        "name": "The Park Lounge",
        "url": "https://www.google.com/maps/place/The+Park+Lounge/data=!4m2!3m1!1s0x89d30dc3e9eee68d:0x46ac280ef460e56e",
        "Address": "1761 Clinton St, Buffalo, NY 14206, USA",
        "category": "dank_dives"
      }
    },
    {
      "type": "Feature",
      "geometry": {
        "type": "Point",
        "coordinates": [
          -78.859043,
          42.870478
        ]
      },
      "properties": {
        "name": "Adolf's Old First Ward Tavern",
        "url": "https://www.google.com/maps/place/Adolf's+Old+First+Ward+Tavern/data=!4m2!3m1!1s0x89d312185b0a5827:0x1b21595fc887644a",
        "Address": "555 South Park Ave, Buffalo, NY 14204, USA",
        "category": "dank_dives"
      }
    },
    {
      "type": "Feature",
      "geometry": {
        "type": "Point",
        "coordinates": [
          -78.8718363,
          42.8867326
        ]
      },
      "properties": {
        "name": "Electric Avenue Cafe",
        "url": "https://www.google.com/maps/place/Electric+Avenue+Cafe/data=!4m2!3m1!1s0x89d312462476d9ed:0xbcc65f51545afbb3",
        "Address": "300 Ellicott St, Buffalo, NY 14203, USA",
        "category": "dank_dives"
      }
    },
    {
      "type": "Feature",
      "geometry": {
        "type": "Point",
        "coordinates": [
          -78.8685678,
          42.950973
        ]
      },
      "properties": {
        "name": "Murrays Tavern",
        "url": "https://www.google.com/maps/place/Murrays+Tavern/data=!4m2!3m1!1s0x89d36d3a6de1fecb:0xb725ace6d4d321aa",
        "Address": "2455 Delaware Ave, Buffalo, NY 14216, USA",
        "category": "dank_dives"
      }
    },
    {
      "type": "Feature",
      "geometry": {
        "type": "Point",
        "coordinates": [
          -78.8246213,
          42.8643761
        ]
      },
      "properties": {
        "name": "Mr A's Village Corner Pub",
        "url": "https://www.google.com/maps/place/Mr+A's+Village+Corner+Pub/data=!4m2!3m1!1s0x89d30de482528d4b:0x2dd906a0afff78b6",
        "Address": "805 Elk St, Buffalo, NY 14210, USA",
        "category": "dank_dives"
      }
    },
    {
      "type": "Feature",
      "geometry": {
        "type": "Point",
        "coordinates": [
          -78.8246213,
          42.8643761
        ]
      },
      "properties": {
        "name": "Brandys pub",
        "url": "https://www.google.com/maps/place/Brandys+pub/data=!4m2!3m1!1s0x89d30dd6464c0c8d:0xdbe62c4bf0ddd695",
        "Address": "805 Elk St, Buffalo, NY 14210, USA",
        "category": "dank_dives"
      }
    },
    {
      "type": "Feature",
      "geometry": {
        "type": "Point",
        "coordinates": [
          -78.8394026,
          42.9477078
        ]
      },
      "properties": {
        "name": "JP\u2019s Checkers",
        "url": "https://www.google.com/maps/place/JP%E2%80%99s+Checkers/data=!4m2!3m1!1s0x89d36da1a9c437df:0x1e9a998f5dfd23b1",
        "Address": "1854 Hertel Ave, Buffalo, NY 14216, USA",
        "category": "dank_dives"
      }
    },
    {
      "type": "Feature",
      "geometry": {
        "type": "Point",
        "coordinates": [
          -78.8765311,
          42.920963
        ]
      },
      "properties": {
        "name": "Kitchen Little Buffalo LLC",
        "url": "https://www.google.com/maps/place/Kitchen+Little+Buffalo+LLC/data=!4m2!3m1!1s0x89d3137b6a94d72f:0x5b12225b8c9dca18",
        "Address": "875 Elmwood Ave, Buffalo, NY 14222, USA",
        "category": "dank_dives"
      }
    },
    {
      "type": "Feature",
      "geometry": {
        "type": "Point",
        "coordinates": [
          -78.8718196,
          42.872294
        ]
      },
      "properties": {
        "name": "Swannie House",
        "url": "https://www.google.com/maps/place/Swannie+House/data=!4m2!3m1!1s0x89d312250d2851cd:0x1bdae12fd4bad11",
        "Address": "170 Ohio St, Buffalo, NY 14203, USA",
        "category": "dank_dives"
      }
    },
    {
      "type": "Feature",
      "geometry": {
        "type": "Point",
        "coordinates": [
          -78.8792397,
          42.8995737
        ]
      },
      "properties": {
        "name": "Allen St Hardware Cafe",
        "url": "https://www.google.com/maps/place/Allen+St+Hardware+Cafe/data=!4m2!3m1!1s0x89d3125414c4b179:0xef5e523501d39c37",
        "Address": "245 Allen St, Buffalo, NY 14201, USA",
        "category": "dank_dives"
      }
    },
    {
      "type": "Feature",
      "geometry": {
        "type": "Point",
        "coordinates": [
          -78.8979187,
          42.9240795
        ]
      },
      "properties": {
        "name": "Free Street Tavern",
        "url": "https://www.google.com/maps/place/Free+Street+Tavern/data=!4m2!3m1!1s0x89d3130302a67ccf:0xef3a30041001182a",
        "Address": "1469 Niagara St, Buffalo, NY 14213, USA",
        "category": "dank_dives"
      }
    },
    {
      "type": "Feature",
      "geometry": {
        "type": "Point",
        "coordinates": [
          -78.8899909,
          42.9241776
        ]
      },
      "properties": {
        "name": "The Gypsy Parlor",
        "url": "https://www.google.com/maps/place/The+Gypsy+Parlor/data=!4m2!3m1!1s0x89d313220fdb3d49:0xe9cec42ee4702e4",
        "Address": "376 Grant St, Buffalo, NY 14213, USA",
        "category": "dank_dives"
      }
    },
    {
      "type": "Feature",
      "geometry": {
        "type": "Point",
        "coordinates": [
          -78.78439,
          42.9438246
        ]
      },
      "properties": {
        "name": "Gordy's Inn",
        "url": "https://www.google.com/maps/place/Gordy's+Inn/data=!4m2!3m1!1s0x89d3732509c067eb:0xbf193061134c99ce",
        "Address": "3676 Harlem Rd, Buffalo, NY 14215, USA",
        "category": "dank_dives"
      }
    },
    {
      "type": "Feature",
      "geometry": {
        "type": "Point",
        "coordinates": [
          -78.8912214,
          42.9468676
        ]
      },
      "properties": {
        "name": "Dill's Tavern",
        "url": "https://www.google.com/maps/place/Dill's+Tavern/data=!4m2!3m1!1s0x89d36cd3cf5426b1:0xcedcd8a5a2134ebf",
        "Address": "362 Military Rd Suite 1, Buffalo, NY 14207, USA",
        "category": "dank_dives"
      }
    },
    {
      "type": "Feature",
      "geometry": {
        "type": "Point",
        "coordinates": [
          -78.8540676,
          42.9474962
        ]
      },
      "properties": {
        "name": "Sidebar",
        "url": "https://www.google.com/maps/place/Sidebar/data=!4m2!3m1!1s0x89d36d4f3f7907bb:0x9bdf238099915fba",
        "Address": "1459 Hertel Ave, Buffalo, NY 14216, USA",
        "category": "dank_dives"
      }
    },
    {
      "type": "Feature",
      "geometry": {
        "type": "Point",
        "coordinates": [
          -78.884579,
          42.9402809
        ]
      },
      "properties": {
        "name": "Rohall's Corner",
        "url": "https://www.google.com/maps/place/Rohall's+Corner/data=!4m2!3m1!1s0x89d3132a8dc3c373:0xe13dca3587452333",
        "Address": "540 Amherst St, Buffalo, NY 14207, USA",
        "category": "dank_dives"
      }
    },
    {
      "type": "Feature",
      "geometry": {
        "type": "Point",
        "coordinates": [
          -78.8916156,
          42.9425884
        ]
      },
      "properties": {
        "name": "Ukrainian American Civic Center",
        "url": "https://www.google.com/maps/place/Ukrainian+American+Civic+Center/data=!4m2!3m1!1s0x89d3132cd1faddb1:0xed3ef9dc113e2bb7",
        "Address": "205 Military Rd, Buffalo, NY 14207, USA",
        "category": "dank_dives"
      }
    },
    {
      "type": "Feature",
      "geometry": {
        "type": "Point",
        "coordinates": [
          -78.8581255,
          42.878276
        ]
      },
      "properties": {
        "name": "314 Myrtle Ave",
        "url": "https://www.google.com/maps/place/314+Myrtle+Ave/data=!4m2!3m1!1s0x89d31215cac9d6a7:0xd6425a806ed76fbb",
        "Address": "314 Myrtle Ave, Buffalo, NY 14204, USA",
        "category": "dank_dives"
      }
    },
    {
      "type": "Feature",
      "geometry": {
        "type": "Point",
        "coordinates": [
          -78.8827403,
          42.9132991
        ]
      },
      "properties": {
        "name": "Essex St. Pub",
        "url": "https://www.google.com/maps/place/Essex+St.+Pub/data=!4m2!3m1!1s0x89d312e2ad79c969:0xc62fa66f4d94d919",
        "Address": "530 Rhode Island St, Buffalo, NY 14213, USA",
        "category": "dank_dives"
      }
    },
    {
      "type": "Feature",
      "geometry": {
        "type": "Point",
        "coordinates": [
          -78.8414564,
          42.9366881
        ]
      },
      "properties": {
        "name": "Central Park Grill",
        "url": "https://www.google.com/maps/place/Central+Park+Grill/data=!4m2!3m1!1s0x89d312ab1ec38abf:0xc7cc29b3e2794763",
        "Address": "2519 Main St, Buffalo, NY 14214, USA",
        "category": "dank_dives"
      }
    },
    {
      "type": "Feature",
      "geometry": {
        "type": "Point",
        "coordinates": [
          -78.8716602,
          42.8728345
        ]
      },
      "properties": {
        "name": "Ballyhoo",
        "url": "https://www.google.com/maps/place/Ballyhoo/data=!4m2!3m1!1s0x89d312255b14c459:0x74e934b5fd05c881",
        "Address": "211 South Park Ave, Buffalo, NY 14204, USA",
        "category": "dank_dives"
      }
    },
    {
      "type": "Feature",
      "geometry": {
        "type": "Point",
        "coordinates": [
          -78.8793942,
          42.8995948
        ]
      },
      "properties": {
        "name": "Days Park Tavern",
        "url": "https://www.google.com/maps/place/Days+Park+Tavern/data=!4m2!3m1!1s0x89d3135c8920b0e7:0x8f7394a9bad8ef6",
        "Address": "253 Allen St, Buffalo, NY 14201, USA",
        "category": "dank_dives"
      }
    },
    {
      "type": "Feature",
      "geometry": {
        "type": "Point",
        "coordinates": [
          -78.8739315,
          42.8938759
        ]
      },
      "properties": {
        "name": "Tudor Lounge",
        "url": "https://www.google.com/maps/place/Tudor+Lounge/data=!4m2!3m1!1s0x89d312503c59af59:0x558a9ae33f8aa4f",
        "Address": "335 Franklin St, Buffalo, NY 14202, USA",
        "category": "dank_dives"
      }
    },
    {
      "type": "Feature",
      "geometry": {
        "type": "Point",
        "coordinates": [
          -78.8844935,
          42.9277061
        ]
      },
      "properties": {
        "name": "Daniela",
        "url": "https://www.google.com/maps/place/Daniela/data=!4m2!3m1!1s0x89d313c7e06b5765:0x3285d9884bf3b1e6",
        "Address": "387 Forest Ave, Buffalo, NY 14213, USA",
        "category": "date_night"
      }
    },
    {
      "type": "Feature",
      "geometry": {
        "type": "Point",
        "coordinates": [
          -78.8081666,
          42.8544179
        ]
      },
      "properties": {
        "name": "The Blackthorn Restaurant & Pub",
        "url": "https://www.google.com/maps/place/The+Blackthorn+Restaurant+%26+Pub/data=!4m2!3m1!1s0x89d30e76e916dbcd:0xf16962d4d274b8a3",
        "Address": "2134 Seneca St, Buffalo, NY 14210, USA",
        "category": "date_night"
      }
    },
    {
      "type": "Feature",
      "geometry": {
        "type": "Point",
        "coordinates": [
          -78.855957,
          42.8837707
        ]
      },
      "properties": {
        "name": "Curry's",
        "url": "https://www.google.com/maps/place/Curry's/data=!4m2!3m1!1s0x89d36d681ca9505f:0x7e54caac54913d28",
        "Address": "864 Kenmore Ave, Buffalo, NY 14216, USA",
        "category": "date_night"
      }
    },
    {
      "type": "Feature",
      "geometry": {
        "type": "Point",
        "coordinates": [
          -78.8750005,
          42.8881955
        ]
      },
      "properties": {
        "name": "Lucky Day Whiskey Bar",
        "url": "https://www.google.com/maps/place/Lucky+Day+Whiskey+Bar/data=!4m2!3m1!1s0x89d31248d46f0b6f:0x7e1231f62f48cfa8",
        "Address": "320 Pearl St, Buffalo, NY 14202, USA",
        "category": "date_night"
      }
    },
    {
      "type": "Feature",
      "geometry": {
        "type": "Point",
        "coordinates": [
          -78.8607209,
          42.866235
        ]
      },
      "properties": {
        "name": "The Barrel Factory",
        "url": "https://www.google.com/maps/place/The+Barrel+Factory/data=!4m2!3m1!1s0x89d3121f64447fb9:0x11f03b5aad33f4c3",
        "Address": "65 Vandalia St, Buffalo, NY 14204, USA",
        "category": "date_night"
      }
    },
    {
      "type": "Feature",
      "geometry": {
        "type": "Point",
        "coordinates": [
          -78.8769445,
          42.8914308
        ]
      },
      "properties": {
        "name": "Patina 250",
        "url": "https://www.google.com/maps/place/Patina+250/data=!4m2!3m1!1s0x89d3124e62680ff7:0x9b5c3ed009a36c0a",
        "Address": "250 Delaware Ave, Buffalo, NY 14202, USA",
        "category": "date_night"
      }
    },
    {
      "type": "Feature",
      "geometry": {
        "type": "Point",
        "coordinates": [
          -78.8756415,
          42.9318143
        ]
      },
      "properties": {
        "name": "Cornelia",
        "url": "https://www.google.com/maps/place/Cornelia/data=!4m2!3m1!1s0x89d31398aedf3a85:0xfa0af809141c10fa",
        "Address": "1285 Elmwood Ave, Buffalo, NY 14222, USA",
        "category": "date_night"
      }
    },
    {
      "type": "Feature",
      "geometry": {
        "type": "Point",
        "coordinates": [
          -78.8731697,
          42.932215
        ]
      },
      "properties": {
        "name": "The Terrace at Delaware Park",
        "url": "https://www.google.com/maps/place/The+Terrace+at+Delaware+Park/data=!4m2!3m1!1s0x89d312d075757f6f:0x4688a09d37da03c0",
        "Address": "199 Lincoln Pkwy, Buffalo, NY 14222, USA",
        "category": "date_night"
      }
    },
    {
      "type": "Feature",
      "geometry": {
        "type": "Point",
        "coordinates": [
          -78.8725002,
          42.8992949
        ]
      },
      "properties": {
        "name": "Cafe 59",
        "url": "https://www.google.com/maps/place/Cafe+59/data=!4m2!3m1!1s0x89d31257625a69e3:0x569d6a50ad45e3f0",
        "Address": "62 Allen St, Buffalo, NY 14202, USA",
        "category": "date_night"
      }
    },
    {
      "type": "Feature",
      "geometry": {
        "type": "Point",
        "coordinates": [
          -78.8870662,
          42.9107504
        ]
      },
      "properties": {
        "name": "Las Puertas Buffalo",
        "url": "https://www.google.com/maps/place/Las+Puertas+Buffalo/data=!4m2!3m1!1s0x89d31303afc218e3:0xa01dca9de505a096",
        "Address": "385 Rhode Island St, Buffalo, NY 14213, USA",
        "category": "date_night"
      }
    },
    {
      "type": "Feature",
      "geometry": {
        "type": "Point",
        "coordinates": [
          -78.7384184,
          42.9636496
        ]
      },
      "properties": {
        "name": "Sun Cuisines",
        "url": "https://www.google.com/maps/place/Sun+Cuisines/data=!4m2!3m1!1s0x89d3133667aa9db7:0x880fb269462bb802",
        "Address": "1989 Niagara St, Buffalo, NY 14207, USA",
        "category": "date_night"
      }
    },
    {
      "type": "Feature",
      "geometry": {
        "type": "Point",
        "coordinates": [
          -78.879135,
          42.89938
        ]
      },
      "properties": {
        "name": "Bamboo Ridge",
        "url": "https://www.google.com/maps/place/Bamboo+Ridge/data=!4m2!3m1!1s0x89d31300769b4e1d:0x44c1c6b04f28be9c",
        "Address": "244 Allen St, Buffalo, NY 14201, USA",
        "category": "date_night"
      }
    },
    {
      "type": "Feature",
      "geometry": {
        "type": "Point",
        "coordinates": [
          -78.8770321,
          42.9010307
        ]
      },
      "properties": {
        "name": "Equal Parts",
        "url": "https://maps.app.goo.gl/Sdh6myuh7sjnJCgw6",
        "Address": "21 St Johns Pl, Buffalo, NY 14201, USA",
        "category": "date_night"
      }
    },
    {
      "type": "Feature",
      "geometry": {
        "type": "Point",
        "coordinates": [
          -78.87386,
          42.8939996
        ]
      },
      "properties": {
        "name": "Quenelle",
        "url": "https://www.google.com/maps/place/Quenelle/data=!4m2!3m1!1s0x89d313528cbe0919:0xb9bb63e0357d3346",
        "Address": "341 Franklin St, Buffalo, NY 14202, USA",
        "category": "date_night"
      }
    },
    {
      "type": "Feature",
      "geometry": {
        "type": "Point",
        "coordinates": [
          -78.869981,
          42.8899179
        ]
      },
      "properties": {
        "name": "Marble & Rye",
        "url": "https://www.google.com/maps/place/Marble+%26+Rye/data=!4m2!3m1!1s0x89d31245af159195:0xbb3e7adc07ae1e13",
        "Address": "112 Genesee St, Buffalo, NY 14203, USA",
        "category": "date_night"
      }
    },
    {
      "type": "Feature",
      "geometry": {
        "type": "Point",
        "coordinates": [
          -78.8695167,
          42.8901533
        ]
      },
      "properties": {
        "name": "128 Genesee St",
        "url": "https://www.google.com/maps/place/128+Genesee+St/data=!4m2!3m1!1s0x89d31245aadf3a03:0x4bb2ff7206e70f0e",
        "Address": "128 Genesee St, Buffalo, NY 14203, USA",
        "category": "date_night"
      }
    },
    {
      "type": "Feature",
      "geometry": {
        "type": "Point",
        "coordinates": [
          -78.8776799,
          42.8897282
        ]
      },
      "properties": {
        "name": "Bella Ciao",
        "url": "https://www.google.com/maps/place/Bella+Ciao/data=!4m2!3m1!1s0x89d3134e6f0b07d9:0x90cf8e96a5fac183",
        "Address": "200 Delaware Ave, Buffalo, NY 14202, USA",
        "category": "date_night"
      }
    },
    {
      "type": "Feature",
      "geometry": {
        "type": "Point",
        "coordinates": [
          -78.8705824,
          42.9691191
        ]
      },
      "properties": {
        "name": "Nowhere Lounge",
        "url": "https://www.google.com/maps/place/Nowhere+Lounge/data=!4m2!3m1!1s0x89d36db89482203f:0xd7ce61dd465a519c",
        "Address": "3115 Delaware Ave, Buffalo, NY 14217, USA",
        "category": "date_night"
      }
    },
    {
      "type": "Feature",
      "geometry": {
        "type": "Point",
        "coordinates": [
          -78.8768411,
          42.9218371
        ]
      },
      "properties": {
        "name": "JT\u2019s Restaurant",
        "url": "https://www.google.com/maps/place/JT%E2%80%99s+Restaurant/data=!4m2!3m1!1s0x89d312e75bb9ec4d:0x4f832d80505e20f8",
        "Address": "905 Elmwood Ave, Buffalo, NY 14222, USA",
        "category": "date_night"
      }
    },
    {
      "type": "Feature",
      "geometry": {
        "type": "Point",
        "coordinates": [
          -78.8849907,
          42.9187428
        ]
      },
      "properties": {
        "name": "Autark Brewhouse",
        "url": "https://www.google.com/maps/place/Autark+Brewhouse/data=!4m2!3m1!1s0x89d313b277a54cfb:0xaafb69c608c040af",
        "Address": "420 Auburn Ave, Buffalo, NY 14213, USA",
        "category": "date_night"
      }
    },
    {
      "type": "Feature",
      "geometry": {
        "type": "Point",
        "coordinates": [
          -78.8729661,
          42.8955075
        ]
      },
      "properties": {
        "name": "Spotted Octopus Brewing Co.",
        "url": "https://www.google.com/maps/place/Spotted+Octopus+Brewing+Co./data=!4m2!3m1!1s0x89d313539ac46021:0xb95ec01c728e2e2a",
        "Address": "41 Edward St, Buffalo, NY 14202, USA",
        "category": "date_night"
      }
    },
    {
      "type": "Feature",
      "geometry": {
        "type": "Point",
        "coordinates": [
          -78.8900282,
          42.9239042
        ]
      },
      "properties": {
        "name": "Black Dots",
        "url": "https://www.google.com/maps/place/Black+Dots/data=!4m2!3m1!1s0x89d31319472fd917:0x6ed2729a969814d9",
        "Address": "368 Grant St, Buffalo, NY 14213, USA",
        "category": "date_night"
      }
    },
    {
      "type": "Feature",
      "geometry": {
        "type": "Point",
        "coordinates": [
          -78.8774103,
          42.8810808
        ]
      },
      "properties": {
        "name": "Pearl Street Grill & Brewery",
        "url": "https://www.google.com/maps/place/Pearl+Street+Grill+%26+Brewery/data=!4m2!3m1!1s0x89d31259e9c4b085:0x7ce880149997095c",
        "Address": "76 Pearl St, Buffalo, NY 14202, USA",
        "category": "date_night"
      }
    },
    {
      "type": "Feature",
      "geometry": {
        "type": "Point",
        "coordinates": [
          -78.8715357,
          42.8863683
        ]
      },
      "properties": {
        "name": "Deep South Taco",
        "url": "https://www.google.com/maps/place/Deep+South+Taco/data=!4m2!3m1!1s0x89d312463ae77703:0xb46ea0a3f0c02276",
        "Address": "1707 Hertel Ave, Buffalo, NY 14216, USA",
        "category": "date_night"
      }
    },
    {
      "type": "Feature",
      "geometry": {
        "type": "Point",
        "coordinates": [
          -78.8715127,
          42.8877922
        ]
      },
      "properties": {
        "name": "Tappo Restaurant",
        "url": "https://www.google.com/maps/place/Tappo+Restaurant/data=!4m2!3m1!1s0x89d3124605ce6a75:0xad14b18f2c96e4b0",
        "Address": "338 Ellicott St, Buffalo, NY 14203, USA",
        "category": "date_night"
      }
    },
    {
      "type": "Feature",
      "geometry": {
        "type": "Point",
        "coordinates": [
          -78.8763118,
          42.8877528
        ]
      },
      "properties": {
        "name": "Osteria 166",
        "url": "https://www.google.com/maps/place/Osteria+166/data=!4m2!3m1!1s0x89d31249399dda07:0xef34f982e94cc9c1",
        "Address": "166 Franklin St, Buffalo, NY 14202, USA",
        "category": "date_night"
      }
    },
    {
      "type": "Feature",
      "geometry": {
        "type": "Point",
        "coordinates": [
          -78.8882571,
          42.9030656
        ]
      },
      "properties": {
        "name": "Bflo Pizza Bistro",
        "url": "https://www.google.com/maps/place/Bflo+Pizza+Bistro/data=!4m2!3m1!1s0x89d313c1f49c8e71:0x3b0177ac185ebada",
        "Address": "388 Porter Ave, Buffalo, NY 14201, USA",
        "category": "date_night"
      }
    },
    {
      "type": "Feature",
      "geometry": {
        "type": "Point",
        "coordinates": [
          -78.8873215,
          42.905878
        ]
      },
      "properties": {
        "name": "Southern Junction",
        "url": "https://www.google.com/maps/place/Southern+Junction/data=!4m2!3m1!1s0x89d36d7b9973a533:0x5556d97daca2594b",
        "Address": "365 Connecticut St, Buffalo, NY 14213, USA",
        "category": "date_night"
      }
    },
    {
      "type": "Feature",
      "geometry": {
        "type": "Point",
        "coordinates": [
          -78.8374625,
          42.9477353
        ]
      },
      "properties": {
        "name": "Lake Effect Ice Cream",
        "url": "https://www.google.com/maps/place/Lake+Effect+Ice+Cream/data=!4m2!3m1!1s0x89d372a7e522186f:0xf95df88bff10be6f",
        "Address": "1900 Hertel Ave, Buffalo, NY 14214, USA",
        "category": "date_night"
      }
    },
    {
      "type": "Feature",
      "geometry": {
        "type": "Point",
        "coordinates": [
          -78.8553083,
          42.9478372
        ]
      },
      "properties": {
        "name": "North Park Theatre",
        "url": "https://www.google.com/maps/place/North+Park+Theatre/data=!4m2!3m1!1s0x89d36d48cacf8b93:0xf8da85cde90a8de7",
        "Address": "1428 Hertel Ave, Buffalo, NY 14216, USA",
        "category": "date_night"
      }
    },
    {
      "type": "Feature",
      "geometry": {
        "type": "Point",
        "coordinates": [
          -78.8776799,
          42.8897282
        ]
      },
      "properties": {
        "name": "Ciao Ciao",
        "url": "https://www.google.com/maps/place/Ciao+Ciao/data=!4m2!3m1!1s0x89d36d44535fd31f:0xfbee358fbc904ebc",
        "Address": "1368 Hertel Ave, Buffalo, NY 14216, USA",
        "category": "date_night"
      }
    },
    {
      "type": "Feature",
      "geometry": {
        "type": "Point",
        "coordinates": [
          -78.8638275,
          42.9476166
        ]
      },
      "properties": {
        "name": "The Little Club",
        "url": "https://www.google.com/maps/place/The+Little+Club/data=!4m2!3m1!1s0x89d36d86f1860a4b:0x6cb591d497d9a89b",
        "Address": "1197 Hertel Ave, Buffalo, NY 14216, USA",
        "category": "date_night"
      }
    },
    {
      "type": "Feature",
      "geometry": {
        "type": "Point",
        "coordinates": [
          -78.8663345,
          42.9475615
        ]
      },
      "properties": {
        "name": "The Garage Bar & Restaurant",
        "url": "https://www.google.com/maps/place/The+Garage+Bar+%26+Restaurant/data=!4m2!3m1!1s0x89d36d36d45aaaab:0x95cdf78099293fbe",
        "Address": "1127 Hertel Ave, Buffalo, NY 14216, USA",
        "category": "date_night"
      }
    },
    {
      "type": "Feature",
      "geometry": {
        "type": "Point",
        "coordinates": [
          -78.8734282,
          42.8934298
        ]
      },
      "properties": {
        "name": "Wxyz Bar+lounge",
        "url": "https://www.google.com/maps/place/Wxyz+Bar%2Blounge/data=!4m2!3m1!1s0x89d31248c896fe1b:0xcce9d298f5049d35",
        "Address": "512 Pearl St, Buffalo, NY 14202, USA",
        "category": "date_night"
      }
    },
    {
      "type": "Feature",
      "geometry": {
        "type": "Point",
        "coordinates": [
          -78.8934702,
          42.9367525
        ]
      },
      "properties": {
        "name": "The Phoenix at 269",
        "url": "https://www.google.com/maps/place/The+Phoenix+at+269/data=!4m2!3m1!1s0x89d3136103550507:0x5a396a6e9ebc4d90",
        "Address": "269 Amherst St, Buffalo, NY 14207, USA",
        "category": "date_night"
      }
    },
    {
      "type": "Feature",
      "geometry": {
        "type": "Point",
        "coordinates": [
          -78.8857824,
          42.9474499
        ]
      },
      "properties": {
        "name": "Horn of Africa Habesha restaurant",
        "url": "https://www.google.com/maps/place/Horn+of+Africa+Habesha+restaurant/data=!4m2!3m1!1s0x89d36ddaa2fd7d0b:0x53307c146a072ec4",
        "Address": "610 Hertel Ave, Buffalo, NY 14207, USA",
        "category": "date_night"
      }
    },
    {
      "type": "Feature",
      "geometry": {
        "type": "Point",
        "coordinates": [
          -78.8772976,
          42.9245725
        ]
      },
      "properties": {
        "name": "Concord (a wine bar)",
        "url": "https://www.google.com/maps/place/Concord+(a+wine+bar)/data=!4m2!3m1!1s0x89d313002eafb837:0xde3ad1bb4784a0ca",
        "Address": "1008 Elmwood Ave, Buffalo, NY 14222, USA",
        "category": "date_night"
      }
    },
    {
      "type": "Feature",
      "geometry": {
        "type": "Point",
        "coordinates": [
          -78.8733953,
          42.8999219
        ]
      },
      "properties": {
        "name": "Angeline",
        "url": "https://www.google.com/maps/place/Angeline/data=!4m2!3m1!1s0x89d312577167c8fd:0x308f45b2a704d0f7",
        "Address": "581 Delaware Ave, Buffalo, NY 14202, USA",
        "category": "date_night"
      }
    },
    {
      "type": "Feature",
      "geometry": {
        "type": "Point",
        "coordinates": [
          -78.8770412,
          42.9010216
        ]
      },
      "properties": {
        "name": "Equal Parts",
        "url": "https://www.google.com/maps/place/Equal+Parts/data=!4m2!3m1!1s0x89d313eb8eac19db:0x59f174142930fb7e",
        "Address": "149 Elmwood Ave, Buffalo, NY 14201, USA",
        "category": "date_night"
      }
    },
    {
      "type": "Feature",
      "geometry": {
        "type": "Point",
        "coordinates": [
          -78.8671683,
          42.9215924
        ]
      },
      "properties": {
        "name": "Hutch's",
        "url": "https://www.google.com/maps/place/Hutch's/data=!4m2!3m1!1s0x89d312e9e3db0925:0x6a4cbc792622295",
        "Address": "1375 Delaware Ave, Buffalo, NY 14209, USA",
        "category": "date_night"
      }
    },
    {
      "type": "Feature",
      "geometry": {
        "type": "Point",
        "coordinates": [
          -78.8746521,
          42.8911609
        ]
      },
      "properties": {
        "name": "Sky Bar",
        "url": "https://www.google.com/maps/place/Sky+Bar/data=!4m2!3m1!1s0x89d3124faeaf7fb1:0x7f61e6110bf7778e",
        "Address": "257 Franklin St, Buffalo, NY 14202, USA",
        "category": "date_night"
      }
    },
    {
      "type": "Feature",
      "geometry": {
        "type": "Point",
        "coordinates": [
          -78.8876225,
          42.8788432
        ]
      },
      "properties": {
        "name": "Sully's Harbor Bar @ Harbor Walk | Erie Basin Marina",
        "url": "https://www.google.com/maps/place/Sully's+Harbor+Bar+@+Harbor+Walk+%7C+Erie+Basin+Marina/data=!4m2!3m1!1s0x89d3137d965cd70d:0xcb43e304a03e62ec",
        "Address": "329 Erie St, Buffalo, NY 14202, USA",
        "category": "date_night"
      }
    },
    {
      "type": "Feature",
      "geometry": {
        "type": "Point",
        "coordinates": [
          -78.8781961,
          42.9131043
        ]
      },
      "properties": {
        "name": "Saint Neri",
        "url": "https://www.google.com/maps/place/Saint+Neri/data=!4m2!3m1!1s0x89d3133669f4bf71:0xb3c65faf92d2f0a3",
        "Address": "220 Lexington Ave, Buffalo, NY 14222, USA",
        "category": "date_night"
      }
    },
    {
      "type": "Feature",
      "geometry": {
        "type": "Point",
        "coordinates": [
          -78.8708885,
          42.8969023
        ]
      },
      "properties": {
        "name": "The Winesmith",
        "url": "https://www.google.com/maps/place/The+Winesmith/data=!4m2!3m1!1s0x89d3125a19af384f:0xd16961f79f45437c",
        "Address": "846 Main St, Buffalo, NY 14202, USA",
        "category": "date_night"
      }
    },
    {
      "type": "Feature",
      "geometry": {
        "type": "Point",
        "coordinates": [
          -78.872745,
          42.8868693
        ]
      },
      "properties": {
        "name": "IL MULINO - Cocktail Bar - Downtown",
        "url": "https://www.google.com/maps/place/IL+MULINO+-+Cocktail+Bar+-+Downtown/data=!4m2!3m1!1s0x89d3130044dfde63:0xb9440b761ef4c013",
        "Address": "465 Washington St, Buffalo, NY 14203, USA",
        "category": "date_night"
      }
    },
    {
      "type": "Feature",
      "geometry": {
        "type": "Point",
        "coordinates": [
          -78.8698959,
          42.8807487
        ]
      },
      "properties": {
        "name": "Hombre y Lobo | Tacos + Tequila",
        "url": "https://www.google.com/maps/place/Hombre+y+Lobo+%7C+Tacos+%2B+Tequila/data=!4m2!3m1!1s0x89d313b89b7c21a1:0x5d33c69a3ab214f8",
        "Address": "149 Swan St Suite 1, Buffalo, NY 14203, USA",
        "category": "date_night"
      }
    },
    {
      "type": "Feature",
      "geometry": {
        "type": "Point",
        "coordinates": [
          -78.8774695,
          42.8927603
        ]
      },
      "properties": {
        "name": "The Woods & Wine",
        "url": "https://www.google.com/maps/place/The+Woods+%26+Wine/data=!4m2!3m1!1s0x89d313007254defd:0xf80e7bbba0fc3f8e",
        "Address": "25 Johnson Park, Buffalo, NY 14201, USA",
        "category": "date_night"
      }
    },
    {
      "type": "Feature",
      "geometry": {
        "type": "Point",
        "coordinates": [
          -78.827038,
          42.9499323
        ]
      },
      "properties": {
        "name": "The Steer Restaurant & Saloon",
        "url": "https://www.google.com/maps/place/The+Steer+Restaurant+%26+Saloon/data=!4m2!3m1!1s0x89d372a4b5c6c439:0x55089a22d84b1d47",
        "Address": "3151 Main St, Buffalo, NY 14214, USA",
        "category": "date_night"
      }
    },
    {
      "type": "Feature",
      "geometry": {
        "type": "Point",
        "coordinates": [
          -78.8245329,
          42.952727
        ]
      },
      "properties": {
        "name": "Shango New Orleans Bistro & Wine Bar",
        "url": "https://www.google.com/maps/place/Shango+New+Orleans+Bistro+%26+Wine+Bar/data=!4m2!3m1!1s0x89d372bcfbb1c967:0x2c50e56f0e0f6d61",
        "Address": "3260 Main St, Buffalo, NY 14214, USA",
        "category": "date_night"
      }
    },
    {
      "type": "Feature",
      "geometry": {
        "type": "Point",
        "coordinates": [
          -78.8773873,
          42.9249637
        ]
      },
      "properties": {
        "name": "Poke Thai Kitchen",
        "url": "https://www.google.com/maps/place/Poke+Thai+Kitchen/data=!4m2!3m1!1s0x89d313fc8cf38905:0xc08d4ac04c7c50e1",
        "Address": "1020 Elmwood Ave, Buffalo, NY 14222, USA",
        "category": "date_night"
      }
    },
    {
      "type": "Feature",
      "geometry": {
        "type": "Point",
        "coordinates": [
          -78.8209807,
          42.8730179
        ]
      },
      "properties": {
        "name": "Wildflower Meadery",
        "url": "https://www.google.com/maps/place/Wildflower+Meadery/data=!4m2!3m1!1s0x89d30d54cdcc27f7:0x1605e5129b4ba348",
        "Address": "1500 Clinton St Bay 167, Buffalo, NY 14206, USA",
        "category": "date_night"
      }
    },
    {
      "type": "Feature",
      "geometry": {
        "type": "Point",
        "coordinates": [
          -78.8792181,
          42.9846131
        ]
      },
      "properties": {
        "name": "Rob's Comedy Playhouse",
        "url": "https://www.google.com/maps/place/Rob's+Comedy+Playhouse/data=!4m2!3m1!1s0x89d373ee078eda0d:0x40874775866d76e7",
        "Address": "3200 Elmwood Ave, Buffalo, NY 14217, USA",
        "category": "date_night"
      }
    },
    {
      "type": "Feature",
      "geometry": {
        "type": "Point",
        "coordinates": [
          -78.8705673,
          42.8981209
        ]
      },
      "properties": {
        "name": "Coco Bar & Bistro",
        "url": "https://www.google.com/maps/place/Coco+Bar+%26+Bistro/data=!4m2!3m1!1s0x89d312598d3caf5b:0xf2e25110ba0e94ab",
        "Address": "888 Main St, Buffalo, NY 14202, USA",
        "category": "date_night"
      }
    },
    {
      "type": "Feature",
      "geometry": {
        "type": "Point",
        "coordinates": [
          -78.8760373,
          42.8893619
        ]
      },
      "properties": {
        "name": "Chez Ami Restaurant",
        "url": "https://www.google.com/maps/place/Chez+Ami+Restaurant/data=!4m2!3m1!1s0x89d3124ec4d0bbad:0x8a43748502d1a215",
        "Address": "210 Franklin St, Buffalo, NY 14202, USA",
        "category": "date_night"
      }
    },
    {
      "type": "Feature",
      "geometry": {
        "type": "Point",
        "coordinates": [
          -78.8785144,
          42.9091488
        ]
      },
      "properties": {
        "name": "Aroma on Bryant",
        "url": "https://www.google.com/maps/place/Aroma+on+Bryant/data=!4m2!3m1!1s0x89d312fc0d3b7851:0xaf1cac1620569e4f",
        "Address": "307 Bryant St, Buffalo, NY 14222, USA",
        "category": "date_night"
      }
    },
    {
      "type": "Feature",
      "geometry": {
        "type": "Point",
        "coordinates": [
          -78.8223858,
          42.8639038
        ]
      },
      "properties": {
        "name": "The Riverfield 865",
        "url": "https://www.google.com/maps/place/The+Riverfield+865/data=!4m2!3m1!1s0x89d30d00dfa364b3:0x552183348c68f093",
        "Address": "865 Elk St, Buffalo, NY 14210, USA",
        "category": "date_night"
      }
    },
    {
      "type": "Feature",
      "geometry": {
        "type": "Point",
        "coordinates": [
          -78.8643262,
          42.7731375
        ]
      },
      "properties": {
        "name": "Hoak's Lakeshore Restaurant",
        "url": "https://www.google.com/maps/place/Hoak's+Lakeshore+Restaurant/data=!4m2!3m1!1s0x89d31a969ed813a1:0x86a53879df57aeea",
        "Address": "4100 Lake Shore Rd, Hamburg, NY 14075, USA",
        "category": "date_night"
      }
    },
    {
      "type": "Feature",
      "geometry": {
        "type": "Point",
        "coordinates": [
          -78.8722276,
          42.89144
        ]
      },
      "properties": {
        "name": "The Bijou",
        "url": "https://www.google.com/maps/place/The+Bijou/data=!4m2!3m1!1s0x89d3124f89bd7fef:0xb87634517fc9a192",
        "Address": "643 Main St, Buffalo, NY 14203, USA",
        "category": "date_night"
      }
    },
    {
      "type": "Feature",
      "geometry": {
        "type": "Point",
        "coordinates": [
          -78.8684551,
          42.8697831
        ]
      },
      "properties": {
        "name": "Hartman's Barrel Room",
        "url": "https://www.google.com/maps/place/Hartman's+Barrel+Room/data=!4m2!3m1!1s0x89d31306b3e48637:0x1b6fc9b6719f1647",
        "Address": "55 Chicago St Ste 110A, Buffalo, NY 14204, USA",
        "category": "date_night"
      }
    },
    {
      "type": "Feature",
      "geometry": {
        "type": "Point",
        "coordinates": [
          -78.8753335,
          42.8921207
        ]
      },
      "properties": {
        "name": "Buffalo Chophouse",
        "url": "https://www.google.com/maps/place/Buffalo+Chophouse/data=!4m2!3m1!1s0x89d3124e35eb482f:0x4ba0e0c4b6a6bc0c",
        "Address": "282 Franklin St, Buffalo, NY 14202, USA",
        "category": "date_night"
      }
    },
    {
      "type": "Feature",
      "geometry": {
        "type": "Point",
        "coordinates": [
          -78.8726597,
          42.8883086
        ]
      },
      "properties": {
        "name": "Streetlight Brasserie",
        "url": "https://www.google.com/maps/place/Streetlight+Brasserie/data=!4m2!3m1!1s0x89d313d66c68de11:0x90c54c43e777ae44",
        "Address": "5 E Huron St, Buffalo, NY 14203, USA",
        "category": "date_night"
      }
    },
    {
      "type": "Feature",
      "geometry": {
        "type": "Point",
        "coordinates": [
          -78.8733541,
          42.8881913
        ]
      },
      "properties": {
        "name": "Graylynn",
        "url": "https://www.google.com/maps/place/Graylynn/data=!4m2!3m1!1s0x89d313daa61ab9cf:0xf202976e84a860eb",
        "Address": "537 Main St, Buffalo, NY 14203, USA",
        "category": "date_night"
      }
    },
    {
      "type": "Feature",
      "geometry": {
        "type": "Point",
        "coordinates": [
          -78.8784142,
          42.9130986
        ]
      },
      "properties": {
        "name": "Kuni's",
        "url": "https://www.google.com/maps/place/Kuni's/data=!4m2!3m1!1s0x89d312e351fc63d1:0x7361bf2a937cdadb",
        "Address": "226 Lexington Ave, Buffalo, NY 14222, USA",
        "category": "date_night"
      }
    },
    {
      "type": "Feature",
      "geometry": {
        "type": "Point",
        "coordinates": [
          -78.8860132,
          42.9394313
        ]
      },
      "properties": {
        "name": "The Dapper Goose",
        "url": "https://www.google.com/maps/place/The+Dapper+Goose/data=!4m2!3m1!1s0x89d3132a4e19b5d5:0xce14283e778300f5",
        "Address": "491 Amherst St, Buffalo, NY 14207, USA",
        "category": "date_night"
      }
    },
    {
      "type": "Feature",
      "geometry": {
        "type": "Point",
        "coordinates": [
          -78.8744067,
          43.0211938
        ]
      },
      "properties": {
        "name": "Prescott's Provisions",
        "url": "https://www.google.com/maps/place/Prescott's+Provisions/data=!4m2!3m1!1s0x89d36f84e8a66815:0xeb49f5a35a01966d",
        "Address": "40 E Niagara St, Tonawanda, NY 14150, USA",
        "category": "date_night"
      }
    },
    {
      "type": "Feature",
      "geometry": {
        "type": "Point",
        "coordinates": [
          -78.8528655,
          42.9478703
        ]
      },
      "properties": {
        "name": "Hertel Avenue Poutine and Cream",
        "url": "https://www.google.com/maps/place/Hertel+Avenue+Poutine+and+Cream/data=!4m2!3m1!1s0x89d36d4f71580d01:0xc1d500daef7aaa8f",
        "Address": "1488 Hertel Ave, Buffalo, NY 14216, USA",
        "category": "date_night"
      }
    },
    {
      "type": "Feature",
      "geometry": {
        "type": "Point",
        "coordinates": [
          -78.8528412,
          42.9479917
        ]
      },
      "properties": {
        "name": "Steel Leaf Brewing Co.",
        "url": "https://www.google.com/maps/place/Steel+Leaf+Brewing+Co./data=!4m2!3m1!1s0x89d36d003df39b6d:0xdb17e846ab74abab",
        "Address": "1488 Hertel Ave, Buffalo, NY 14216, USA",
        "category": "date_night"
      }
    },
    {
      "type": "Feature",
      "geometry": {
        "type": "Point",
        "coordinates": [
          -78.8786178,
          42.8993798
        ]
      },
      "properties": {
        "name": "Billy Club",
        "url": "https://www.google.com/maps/place/Billy+Club/data=!4m2!3m1!1s0x89d3125410b1c501:0xf6680c3e1df4bf7b",
        "Address": "228 Allen St, Buffalo, NY 14201, USA",
        "category": "date_night"
      }
    },
    {
      "type": "Feature",
      "geometry": {
        "type": "Point",
        "coordinates": [
          -78.882964,
          42.9128041
        ]
      },
      "properties": {
        "name": "The Left Bank",
        "url": "https://www.google.com/maps/place/The+Left+Bank/data=!4m2!3m1!1s0x89d312fd5111b90d:0xd3ee114e6d36f404",
        "Address": "511 Rhode Island St, Buffalo, NY 14213, USA",
        "category": "date_night"
      }
    },
    {
      "type": "Feature",
      "geometry": {
        "type": "Point",
        "coordinates": [
          -78.8751328,
          42.8805617
        ]
      },
      "properties": {
        "name": "Vault@237",
        "url": "https://www.google.com/maps/place/Vault@237/data=!4m2!3m1!1s0x89d313b465f5ed93:0x86108139f0b78dd9",
        "Address": "237 Main St, Buffalo, NY 14203, USA",
        "category": "date_night"
      }
    },
    {
      "type": "Feature",
      "geometry": {
        "type": "Point",
        "coordinates": [
          -79.0350899,
          43.1726585
        ]
      },
      "properties": {
        "name": "Blue Cave Italian Restaurant",
        "url": "https://www.google.com/maps/place/Blue+Cave+Italian+Restaurant/data=!4m2!3m1!1s0x89d3132fa4063a13:0xad9eb1585202a71d",
        "Address": "810 Center St, Lewiston, NY 14092, USA",
        "category": "date_night"
      }
    },
    {
      "type": "Feature",
      "geometry": {
        "type": "Point",
        "coordinates": [
          -78.8722692,
          42.8928925
        ]
      },
      "properties": {
        "name": "Matinee",
        "url": "https://www.google.com/maps/place/Matinee/data=!4m2!3m1!1s0x89d3124ffe2f8a15:0xe64cb36ed7698dc2",
        "Address": "700 Main St, Buffalo, NY 14202, USA",
        "category": "date_night"
      }
    },
    {
      "type": "Feature",
      "geometry": {
        "type": "Point",
        "coordinates": [
          -78.8742234,
          42.893193
        ]
      },
      "properties": {
        "name": "Fresh Catch Poke and The Galley Lounge",
        "url": "https://www.google.com/maps/place/Fresh+Catch+Poke+and+The+Galley+Lounge/data=!4m2!3m1!1s0x89d313e7cb99d0ad:0xa0873ee23dc8976f",
        "Address": "305 Franklin St, Buffalo, NY 14202, USA",
        "category": "date_night"
      }
    },
    {
      "type": "Feature",
      "geometry": {
        "type": "Point",
        "coordinates": [
          -78.872637,
          42.8734299
        ]
      },
      "properties": {
        "name": "Lockhouse Distillery and Bar",
        "url": "https://www.google.com/maps/place/Lockhouse+Distillery+and+Bar/data=!4m2!3m1!1s0x89d3122557d80d01:0xea69af346229fa10",
        "Address": "41 Columbia St, Buffalo, NY 14204, USA",
        "category": "date_night"
      }
    },
    {
      "type": "Feature",
      "geometry": {
        "type": "Point",
        "coordinates": [
          -78.8838144,
          42.9011014
        ]
      },
      "properties": {
        "name": "Bellini's Bistro",
        "url": "https://www.google.com/maps/place/Bellini's+Bistro/data=!4m2!3m1!1s0x89d31254d4fb4e8f:0x18fc5f5a1247a882",
        "Address": "350 Pennsylvania St, Buffalo, NY 14201, USA",
        "category": "date_night"
      }
    },
    {
      "type": "Feature",
      "geometry": {
        "type": "Point",
        "coordinates": [
          -78.8882612,
          42.9058558
        ]
      },
      "properties": {
        "name": "Mister Sizzle's",
        "url": "https://www.google.com/maps/place/Mister+Sizzle's/data=!4m2!3m1!1s0x89d31342c08b33a7:0xa0522e6005b523a7",
        "Address": "346 Connecticut St, Buffalo, NY 14213, USA",
        "category": "date_night"
      }
    },
    {
      "type": "Feature",
      "geometry": {
        "type": "Point",
        "coordinates": [
          -78.860162,
          42.9479038
        ]
      },
      "properties": {
        "name": "Romeo & Juliet's Cafe\u00e9 & Bakery",
        "url": "https://www.google.com/maps/place/Romeo+%26+Juliet's+Cafe%C3%A9+%26+Bakery/data=!4m2!3m1!1s0x89d36d4824fac5f5:0x8f1a1751b78999b5",
        "Address": "1292 Hertel Ave, Buffalo, NY 14216, USA",
        "category": "date_night"
      }
    },
    {
      "type": "Feature",
      "geometry": {
        "type": "Point",
        "coordinates": [
          -78.8738704,
          42.8940747
        ]
      },
      "properties": {
        "name": "Rue Franklin",
        "url": "https://www.google.com/maps/place/Rue+Franklin/data=!4m2!3m1!1s0x89d312503e755423:0x3ab6fdaa14eb649",
        "Address": "341 Franklin St, Buffalo, NY 14202, USA",
        "category": "date_night"
      }
    },
    {
      "type": "Feature",
      "geometry": {
        "type": "Point",
        "coordinates": [
          -78.8344633,
          42.9188085
        ]
      },
      "properties": {
        "name": "Manna @ Northland",
        "url": "https://www.google.com/maps/place/Manna+@+Northland/data=!4m2!3m1!1s0x89d30d6032e0fbb7:0x960942a3c38e99de",
        "Address": "1786 Main St, Buffalo, NY 14208, USA",
        "category": "diners_not_dennys"
      }
    },
    {
      "type": "Feature",
      "geometry": {
        "type": "Point",
        "coordinates": [
          -78.825134,
          42.9520958
        ]
      },
      "properties": {
        "name": "Amy's Place",
        "url": "https://www.google.com/maps/place/Amy's+Place/data=!4m2!3m1!1s0x89d372bceca45431:0x3bb3fab3e888be6f",
        "Address": "3234 Main St, Buffalo, NY 14214, USA",
        "category": "diners_not_dennys"
      }
    },
    {
      "type": "Feature",
      "geometry": {
        "type": "Point",
        "coordinates": [
          -78.8647643,
          42.9152424
        ]
      },
      "properties": {
        "name": "Eggsperience Vasilis Main Street",
        "url": "https://www.google.com/maps/place/Eggsperience+Vasilis+Main+Street/data=!4m2!3m1!1s0x89d36d17a61ce3ab:0xe6b79c425fbefee9",
        "Address": "1526 Main St, Buffalo, NY 14209, USA",
        "category": "diners_not_dennys"
      }
    },
    {
      "type": "Feature",
      "geometry": {
        "type": "Point",
        "coordinates": [
          -78.8772636,
          42.9109414
        ]
      },
      "properties": {
        "name": "Mythos Restaurant",
        "url": "https://www.google.com/maps/place/Mythos+Restaurant/data=!4m2!3m1!1s0x89d312fb6547c01b:0x1881e0b4335db50d",
        "Address": "510 Elmwood Ave, Buffalo, NY 14222, USA",
        "category": "diners_not_dennys"
      }
    },
    {
      "type": "Feature",
      "geometry": {
        "type": "Point",
        "coordinates": [
          -78.855175,
          42.947854
        ]
      },
      "properties": {
        "name": "1430 Hertel Ave",
        "url": "https://www.google.com/maps/place/1430+Hertel+Ave/data=!4m2!3m1!1s0x89d36d4f4aa991e9:0xddd9bf6409d0c2a",
        "Address": "1430 Hertel Ave, Buffalo, NY 14216, USA",
        "category": "diners_not_dennys"
      }
    },
    {
      "type": "Feature",
      "geometry": {
        "type": "Point",
        "coordinates": [
          -78.878722,
          42.8967153
        ]
      },
      "properties": {
        "name": "Betty's",
        "url": "https://www.google.com/maps/place/Betty's/data=!4m2!3m1!1s0x89d31253dba7e5c7:0x2d9b518c6d8a1704",
        "Address": "370 Virginia St, Buffalo, NY 14201, USA",
        "category": "diners_not_dennys"
      }
    },
    {
      "type": "Feature",
      "geometry": {
        "type": "Point",
        "coordinates": [
          -78.8503172,
          42.9474095
        ]
      },
      "properties": {
        "name": "Kostas Family Restaurant",
        "url": "https://www.google.com/maps/place/Kostas+Family+Restaurant/data=!4m2!3m1!1s0x89d36d4fe5d13329:0xf5d66941fc3faef1",
        "Address": "1561 Hertel Ave, Buffalo, NY 14216, USA",
        "category": "diners_not_dennys"
      }
    },
    {
      "type": "Feature",
      "geometry": {
        "type": "Point",
        "coordinates": [
          -78.8501113,
          42.8768255
        ]
      },
      "properties": {
        "name": "Swan Street Diner",
        "url": "https://www.google.com/maps/place/Swan+Street+Diner/data=!4m2!3m1!1s0x89d312120680481f:0x5ca26f2213e51fc5",
        "Address": "700 Swan St, Buffalo, NY 14210, USA",
        "category": "diners_not_dennys"
      }
    },
    {
      "type": "Feature",
      "geometry": {
        "type": "Point",
        "coordinates": [
          -78.9097251,
          42.9602455
        ]
      },
      "properties": {
        "name": "Flavors of Jean",
        "url": "https://www.google.com/maps/place/Flavors+of+Jean/data=!4m2!3m1!1s0x89d36de1329459bf:0x32d2cdc0390b7a53",
        "Address": "1187 Tonawanda St, Tonawanda Town, NY 14207, USA",
        "category": "diners_not_dennys"
      }
    },
    {
      "type": "Feature",
      "geometry": {
        "type": "Point",
        "coordinates": [
          -78.8760797,
          42.8862337
        ]
      },
      "properties": {
        "name": "Taki's",
        "url": "https://www.google.com/maps/place/Taki's/data=!4m2!3m1!1s0x89d3124909e859d5:0x3d00c9270d06e6be",
        "Address": "45 Court St, Buffalo, NY 14202, USA",
        "category": "diners_not_dennys"
      }
    },
    {
      "type": "Feature",
      "geometry": {
        "type": "Point",
        "coordinates": [
          -78.811959,
          42.872087
        ]
      },
      "properties": {
        "name": "Wiechec's Lounge",
        "url": "https://www.google.com/maps/place/Wiechec's+Lounge/data=!4m2!3m1!1s0x89d30dc3db1d00e9:0x7796f60c63adbc14",
        "Address": "1748 Clinton St Suite 1, Buffalo, NY 14206, USA",
        "category": "diners_not_dennys"
      }
    },
    {
      "type": "Feature",
      "geometry": {
        "type": "Point",
        "coordinates": [
          -78.811306,
          42.871691
        ]
      },
      "properties": {
        "name": "The Park Lounge",
        "url": "https://www.google.com/maps/place/The+Park+Lounge/data=!4m2!3m1!1s0x89d30dc3e9eee68d:0x46ac280ef460e56e",
        "Address": "1761 Clinton St, Buffalo, NY 14206, USA",
        "category": "diners_not_dennys"
      }
    },
    {
      "type": "Feature",
      "geometry": {
        "type": "Point",
        "coordinates": [
          -78.8061695,
          42.8717407
        ]
      },
      "properties": {
        "name": "Lucky's Texas Red Hots",
        "url": "https://www.google.com/maps/place/Lucky's+Texas+Red+Hots/data=!4m2!3m1!1s0x89d30dc5d963f595:0xe4be39296fec0b6e",
        "Address": "1903 Clinton St, Buffalo, NY 14206, USA",
        "category": "diners_not_dennys"
      }
    },
    {
      "type": "Feature",
      "geometry": {
        "type": "Point",
        "coordinates": [
          -78.8893045,
          42.9568016
        ]
      },
      "properties": {
        "name": "Sophia's Breakfast Bar and Grill",
        "url": "https://www.google.com/maps/place/Sophia's+Breakfast+Bar+and+Grill/data=!4m2!3m1!1s0x89d36cdea86fa7e9:0x693c873d2e94c1c0",
        "Address": "715 Military Rd, Buffalo, NY 14216, USA",
        "category": "diners_not_dennys"
      }
    },
    {
      "type": "Feature",
      "geometry": {
        "type": "Point",
        "coordinates": [
          -78.826519,
          42.950277
        ]
      },
      "properties": {
        "name": "Lake Effect Diner",
        "url": "https://www.google.com/maps/place/Lake+Effect+Diner/data=!4m2!3m1!1s0x89d372bb4e0b9b01:0x1d3548108ff9b1c",
        "Address": "3165 Main St, Buffalo, NY 14214, USA",
        "category": "diners_not_dennys"
      }
    },
    {
      "type": "Feature",
      "geometry": {
        "type": "Point",
        "coordinates": [
          -78.8768317,
          42.9003882
        ]
      },
      "properties": {
        "name": "SHACK in Allentown",
        "url": "https://www.google.com/maps/place/SHACK+in+Allentown/data=!4m2!3m1!1s0x89d3137d9b8cd18b:0x9170b65da3afb75d",
        "Address": "125 Elmwood Ave, Buffalo, NY 14201, USA",
        "category": "heathy_options"
      }
    },
    {
      "type": "Feature",
      "geometry": {
        "type": "Point",
        "coordinates": [
          -78.8905153,
          42.9430592
        ]
      },
      "properties": {
        "name": "Bloom & Rose Deli",
        "url": "https://www.google.com/maps/place/Bloom+%26+Rose+Deli/data=!4m2!3m1!1s0x89d36de77c89a26b:0xf1a64dd8455b9bea",
        "Address": "27 Chandler St #204a, Buffalo, NY 14207, USA",
        "category": "heathy_options"
      }
    },
    {
      "type": "Feature",
      "geometry": {
        "type": "Point",
        "coordinates": [
          -78.8212836,
          42.8734918
        ]
      },
      "properties": {
        "name": "Snowy Owl Arts & Tea House",
        "url": "https://www.google.com/maps/place/Snowy+Owl+Arts+%26+Tea+House/data=!4m2!3m1!1s0x89d3121f617257b3:0x20e5337dc67b27a8",
        "Address": "1500 Clinton St Unit 156, Buffalo, NY 14206, USA",
        "category": "heathy_options"
      }
    },
    {
      "type": "Feature",
      "geometry": {
        "type": "Point",
        "coordinates": [
          -78.8785334,
          42.9130993
        ]
      },
      "properties": {
        "name": "Bicycle Bottle Shop",
        "url": "https://www.google.com/maps/place/Bicycle+Bottle+Shop/data=!4m2!3m1!1s0x89d313804374e25d:0xec3d0cb0d6a1f8a8",
        "Address": "230 Lexington Ave, Buffalo, NY 14222, USA",
        "category": "heathy_options"
      }
    },
    {
      "type": "Feature",
      "geometry": {
        "type": "Point",
        "coordinates": [
          -78.8547971,
          42.9478619
        ]
      },
      "properties": {
        "name": "HER Kitchen",
        "url": "https://www.google.com/maps/place/HER+Kitchen/data=!4m2!3m1!1s0x89d36d4de44ffced:0xec1635d3e1b08816",
        "Address": "1442 Hertel Ave, Buffalo, NY 14216, USA",
        "category": "heathy_options"
      }
    },
    {
      "type": "Feature",
      "geometry": {
        "type": "Point",
        "coordinates": [
          -78.8789088,
          42.9133616
        ]
      },
      "properties": {
        "name": "Farm Shop",
        "url": "https://www.google.com/maps/place/Farm+Shop/data=!4m2!3m1!1s0x89d312e34f722c4f:0x5968e25dce91dd20",
        "Address": "235 B Lexington Ave, Buffalo, NY 14222, USA",
        "category": "heathy_options"
      }
    },
    {
      "type": "Feature",
      "geometry": {
        "type": "Point",
        "coordinates": [
          -78.8582142,
          42.9219296
        ]
      },
      "properties": {
        "name": "Salud Market",
        "url": "https://www.google.com/maps/place/Salud+Market/data=!4m2!3m1!1s0x89d313470e893605:0x4482d683560c6cef",
        "Address": "1832 Main St, Buffalo, NY 14208, USA",
        "category": "heathy_options"
      }
    },
    {
      "type": "Feature",
      "geometry": {
        "type": "Point",
        "coordinates": [
          -78.8623448,
          42.9370203
        ]
      },
      "properties": {
        "name": "The Juicery",
        "url": "https://www.google.com/maps/place/The+Juicery/data=!4m2!3m1!1s0x89d313a3d4a4e4a1:0x79781bc8a281360e",
        "Address": "Meadow Dr, Buffalo, NY 14214, USA",
        "category": "heathy_options"
      }
    },
    {
      "type": "Feature",
      "geometry": {
        "type": "Point",
        "coordinates": [
          -78.853629,
          42.8995351
        ]
      },
      "properties": {
        "name": "Sunshine Vegan Eats",
        "url": "https://www.google.com/maps/place/Sunshine+Vegan+Eats/data=!4m2!3m1!1s0x89d313f30421f2f3:0xff36e221d87749c7",
        "Address": "893 Jefferson Ave, Buffalo, NY 14204, USA",
        "category": "heathy_options"
      }
    },
    {
      "type": "Feature",
      "geometry": {
        "type": "Point",
        "coordinates": [
          -78.8746874,
          42.8818578
        ]
      },
      "properties": {
        "name": "Union Pub",
        "url": "https://www.google.com/maps/place/Union+Pub/data=!4m2!3m1!1s0x89d31237bd1bf0a7:0x5c819318a286d513",
        "Address": "295 Main St, Buffalo, NY 14203, USA",
        "category": "wingin_it"
      }
    },
    {
      "type": "Feature",
      "geometry": {
        "type": "Point",
        "coordinates": [
          -78.6982406,
          42.9381838
        ]
      },
      "properties": {
        "name": "Just Pizza & Wing Co.",
        "url": "https://www.google.com/maps/place/Just+Pizza+%26+Wing+Co./data=!4m2!3m1!1s0x89d312f8d1ea1305:0xdd3a393daed91113",
        "Address": "Buffalo, NY, USA",
        "category": "wingin_it"
      }
    },
    {
      "type": "Feature",
      "geometry": {
        "type": "Point",
        "coordinates": [
          -78.8652332,
          42.9126086
        ]
      },
      "properties": {
        "name": "Oakk Room",
        "url": "https://www.google.com/maps/place/Oakk+Room/data=!4m2!3m1!1s0x89d312ed9516f52d:0x17f2d704c6c046c6",
        "Address": "1435 Main St, Buffalo, NY 14209, USA",
        "category": "wingin_it"
      }
    },
    {
      "type": "Feature",
      "geometry": {
        "type": "Point",
        "coordinates": [
          -78.8881741,
          42.9151289
        ]
      },
      "properties": {
        "name": "La Nova",
        "url": "https://www.google.com/maps/place/La+Nova/data=!4m2!3m1!1s0x89d3131c94164a2b:0x8a1fe1bc0b9a4fb1",
        "Address": "371 W Ferry St, Buffalo, NY 14213, USA",
        "category": "wingin_it"
      }
    },
    {
      "type": "Feature",
      "geometry": {
        "type": "Point",
        "coordinates": [
          -78.8692192,
          42.9530456
        ]
      },
      "properties": {
        "name": "Kelly's Korner",
        "url": "https://www.google.com/maps/place/Kelly's+Korner/data=!4m2!3m1!1s0x89d36d3baa1381f9:0x59275672760c29b",
        "Address": "2526 Delaware Ave, Buffalo, NY 14216, USA",
        "category": "wingin_it"
      }
    },
    {
      "type": "Feature",
      "geometry": {
        "type": "Point",
        "coordinates": [
          -78.877453,
          42.9273256
        ]
      },
      "properties": {
        "name": "Cole's",
        "url": "https://www.google.com/maps/place/Cole's/data=!4m2!3m1!1s0x89d312dbf8e8d615:0x17cfb691edf5f757",
        "Address": "1104 Elmwood Ave, Buffalo, NY 14222, USA",
        "category": "wingin_it"
      }
    },
    {
      "type": "Feature",
      "geometry": {
        "type": "Point",
        "coordinates": [
          -78.8981497,
          42.9223445
        ]
      },
      "properties": {
        "name": "Sports City Pizza Pub",
        "url": "https://www.google.com/maps/place/Sports+City+Pizza+Pub/data=!4m2!3m1!1s0x89d3131653c4a5a7:0x8b5b5b79de743ead",
        "Address": "1407 Niagara St, Buffalo, NY 14213, USA",
        "category": "wingin_it"
      }
    },
    {
      "type": "Feature",
      "geometry": {
        "type": "Point",
        "coordinates": [
          -78.8935147,
          42.9373668
        ]
      },
      "properties": {
        "name": "Hot Mama's Canteen",
        "url": "https://www.google.com/maps/place/Hot+Mama's+Canteen/data=!4m2!3m1!1s0x89d3132e14c056ab:0x48f5e16f7a7115b9",
        "Address": "12 Military Rd, Buffalo, NY 14207, USA",
        "category": "wingin_it"
      }
    },
    {
      "type": "Feature",
      "geometry": {
        "type": "Point",
        "coordinates": [
          -78.8684945,
          42.9023914
        ]
      },
      "properties": {
        "name": "Anchor Bar",
        "url": "https://www.google.com/maps/place/Anchor+Bar/data=!4m2!3m1!1s0x89d312f626e2aae7:0x42feff60b17ba88c",
        "Address": "Buffalo, NY, USA",
        "category": "wingin_it"
      }
    },
    {
      "type": "Feature",
      "geometry": {
        "type": "Point",
        "coordinates": [
          -78.8517816,
          42.9475207
        ]
      },
      "properties": {
        "name": "M.T. Pockets Bar & Grill",
        "url": "https://www.google.com/maps/place/M.T.+Pockets+Bar+%26+Grill/data=!4m2!3m1!1s0x89d36d2a02c516ed:0x938f47fbd31f82d",
        "Address": "1519 Hertel Ave, Buffalo, NY 14216, USA",
        "category": "wingin_it"
      }
    },
    {
      "type": "Feature",
      "geometry": {
        "type": "Point",
        "coordinates": [
          -78.859043,
          42.870478
        ]
      },
      "properties": {
        "name": "Adolf's Old First Ward Tavern",
        "url": "https://www.google.com/maps/place/Adolf's+Old+First+Ward+Tavern/data=!4m2!3m1!1s0x89d312185b0a5827:0x1b21595fc887644a",
        "Address": "555 South Park Ave, Buffalo, NY 14204, USA",
        "category": "wingin_it"
      }
    },
    {
      "type": "Feature",
      "geometry": {
        "type": "Point",
        "coordinates": [
          -78.876689,
          42.889622
        ]
      },
      "properties": {
        "name": "Sidelines Sports Bar and Grill",
        "url": "https://www.google.com/maps/place/Sidelines+Sports+Bar+and+Grill/data=!4m2!3m1!1s0x89d3124ebefb0187:0xe89db72c4d6e00e7",
        "Address": "189 Delaware Ave, Buffalo, NY 14202, USA",
        "category": "wingin_it"
      }
    },
    {
      "type": "Feature",
      "geometry": {
        "type": "Point",
        "coordinates": [
          -78.8612606,
          42.9181503
        ]
      },
      "properties": {
        "name": "Imperial Pizza - Main Street",
        "url": "https://www.google.com/maps/place/Imperial+Pizza+-+Main+Street/data=!4m2!3m1!1s0x89d313d64f2a61c9:0x3ef58fc1083f5e6f",
        "Address": "1665 Main St, Buffalo, NY 14209, USA",
        "category": "wingin_it"
      }
    },
    {
      "type": "Feature",
      "geometry": {
        "type": "Point",
        "coordinates": [
          -78.8578663,
          42.8659282
        ]
      },
      "properties": {
        "name": "Cook's Bar & Grill",
        "url": "https://www.google.com/maps/place/Cook's+Bar+%26+Grill/data=!4m2!3m1!1s0x89d3121ee3caf1ed:0x8e6c3827cd2a2ce8",
        "Address": "222 Katherine St, Buffalo, NY 14210, USA",
        "category": "wingin_it"
      }
    },
    {
      "type": "Feature",
      "geometry": {
        "type": "Point",
        "coordinates": [
          -78.8899909,
          42.9241776
        ]
      },
      "properties": {
        "name": "The Gypsy Parlor",
        "url": "https://www.google.com/maps/place/The+Gypsy+Parlor/data=!4m2!3m1!1s0x89d313220fdb3d49:0xe9cec42ee4702e4",
        "Address": "376 Grant St, Buffalo, NY 14213, USA",
        "category": "wingin_it"
      }
    },
    {
      "type": "Feature",
      "geometry": {
        "type": "Point",
        "coordinates": [
          -78.853604,
          42.898553
        ]
      },
      "properties": {
        "name": "King of Wings Mural",
        "url": "https://www.google.com/maps/place/King+of+Wings+Mural/data=!4m2!3m1!1s0x89d313490ddc15d9:0x4bab757005ebde0d",
        "Address": "853 Jefferson Ave, Buffalo, NY 14204, USA",
        "category": "wingin_it"
      }
    },
    {
      "type": "Feature",
      "geometry": {
        "type": "Point",
        "coordinates": [
          -78.9097251,
          42.9602455
        ]
      },
      "properties": {
        "name": "Flavors of Jean",
        "url": "https://www.google.com/maps/place/Flavors+of+Jean/data=!4m2!3m1!1s0x89d36de1329459bf:0x32d2cdc0390b7a53",
        "Address": "1187 Tonawanda St, Tonawanda Town, NY 14207, USA",
        "category": "unctuous_brunch"
      }
    },
    {
      "type": "Feature",
      "geometry": {
        "type": "Point",
        "coordinates": [
          -78.8734061,
          42.887769
        ]
      },
      "properties": {
        "name": "Misuta Chow's",
        "url": "https://www.google.com/maps/place/Misuta+Chow's/data=!4m2!3m1!1s0x89d313c66eb89e63:0xc3bb2239ebefa4c6",
        "Address": "521 Main St, Buffalo, NY 14203, USA",
        "category": "unctuous_brunch"
      }
    },
    {
      "type": "Feature",
      "geometry": {
        "type": "Point",
        "coordinates": [
          -78.8893045,
          42.9568016
        ]
      },
      "properties": {
        "name": "Sophia's Restaurant",
        "url": "https://www.google.com/maps/place/Sophia's+Restaurant/data=!4m2!3m1!1s0x89d36cdea86fa7e9:0x693c873d2e94c1c0",
        "Address": "715 Military Rd, Buffalo, NY 14216, USA",
        "category": "unctuous_brunch"
      }
    },
    {
      "type": "Feature",
      "geometry": {
        "type": "Point",
        "coordinates": [
          -78.8873215,
          42.905878
        ]
      },
      "properties": {
        "name": "Southern Junction",
        "url": "https://www.google.com/maps/place/Southern+Junction/data=!4m2!3m1!1s0x89d36d7b9973a533:0x5556d97daca2594b",
        "Address": "365 Connecticut St, Buffalo, NY 14213, USA",
        "category": "unctuous_brunch"
      }
    },
    {
      "type": "Feature",
      "geometry": {
        "type": "Point",
        "coordinates": [
          -78.8344633,
          42.9188085
        ]
      },
      "properties": {
        "name": "Manna @ Northland",
        "url": "https://www.google.com/maps/place/Manna+@+Northland/data=!4m2!3m1!1s0x89d30d6032e0fbb7:0x960942a3c38e99de",
        "Address": "1786 Main St, Buffalo, NY 14208, USA",
        "category": "unctuous_brunch"
      }
    },
    {
      "type": "Feature",
      "geometry": {
        "type": "Point",
        "coordinates": [
          -78.8784897,
          42.9133044
        ]
      },
      "properties": {
        "name": "The Place",
        "url": "https://www.google.com/maps/place/The+Place/data=!4m2!3m1!1s0x89d312e351e680e7:0x9b2778d252684b2c",
        "Address": "229 Lexington Ave, Buffalo, NY 14222, USA",
        "category": "unctuous_brunch"
      }
    },
    {
      "type": "Feature",
      "geometry": {
        "type": "Point",
        "coordinates": [
          -78.8769445,
          42.8914308
        ]
      },
      "properties": {
        "name": "Patina 250",
        "url": "https://www.google.com/maps/place/Patina+250/data=!4m2!3m1!1s0x89d3124e62680ff7:0x9b5c3ed009a36c0a",
        "Address": "250 Delaware Ave, Buffalo, NY 14202, USA",
        "category": "unctuous_brunch"
      }
    },
    {
      "type": "Feature",
      "geometry": {
        "type": "Point",
        "coordinates": [
          -78.8771979,
          42.9189738
        ]
      },
      "properties": {
        "name": "Iron Tail Tavern",
        "url": "https://www.google.com/maps/place/Iron+Tail+Tavern/data=!4m2!3m1!1s0x89d313166d9c8bbf:0x516e3419822acea6",
        "Address": "802 Elmwood Ave, Buffalo, NY 14222, USA",
        "category": "unctuous_brunch"
      }
    },
    {
      "type": "Feature",
      "geometry": {
        "type": "Point",
        "coordinates": [
          -78.8396897,
          42.9625594
        ]
      },
      "properties": {
        "name": "The Howling Rooster Restaurant & Bar",
        "url": "https://www.google.com/maps/place/The+Howling+Rooster+Restaurant+%26+Bar/data=!4m2!3m1!1s0x89d37299b2e61eb1:0xf0b8c75d1ab99027",
        "Address": "529 Englewood Ave, Kenmore, NY 14223, USA",
        "category": "unctuous_brunch"
      }
    },
    {
      "type": "Feature",
      "geometry": {
        "type": "Point",
        "coordinates": [
          -78.8773617,
          42.9247083
        ]
      },
      "properties": {
        "name": "Jack Rabbit",
        "url": "https://www.google.com/maps/place/Jack+Rabbit/data=!4m2!3m1!1s0x89d313b4e6701359:0xcf12ccf9de99c505",
        "Address": "1010 Elmwood Ave, Buffalo, NY 14222, USA",
        "category": "unctuous_brunch"
      }
    },
    {
      "type": "Feature",
      "geometry": {
        "type": "Point",
        "coordinates": [
          -78.8756415,
          42.9318143
        ]
      },
      "properties": {
        "name": "Cornelia",
        "url": "https://www.google.com/maps/place/Cornelia/data=!4m2!3m1!1s0x89d31398aedf3a85:0xfa0af809141c10fa",
        "Address": "1285 Elmwood Ave, Buffalo, NY 14222, USA",
        "category": "unctuous_brunch"
      }
    },
    {
      "type": "Feature",
      "geometry": {
        "type": "Point",
        "coordinates": [
          -78.8731697,
          42.932215
        ]
      },
      "properties": {
        "name": "The Terrace at Delaware Park",
        "url": "https://www.google.com/maps/place/The+Terrace+at+Delaware+Park/data=!4m2!3m1!1s0x89d312d075757f6f:0x4688a09d37da03c0",
        "Address": "199 Lincoln Pkwy, Buffalo, NY 14222, USA",
        "category": "unctuous_brunch"
      }
    },
    {
      "type": "Feature",
      "geometry": {
        "type": "Point",
        "coordinates": [
          -78.878722,
          42.8967153
        ]
      },
      "properties": {
        "name": "Betty's",
        "url": "https://www.google.com/maps/place/Betty's/data=!4m2!3m1!1s0x89d31253dba7e5c7:0x2d9b518c6d8a1704",
        "Address": "370 Virginia St, Buffalo, NY 14201, USA",
        "category": "unctuous_brunch"
      }
    },
    {
      "type": "Feature",
      "geometry": {
        "type": "Point",
        "coordinates": [
          -78.8647643,
          42.9152424
        ]
      },
      "properties": {
        "name": "Eggsperience Vasilis Main Street",
        "url": "https://www.google.com/maps/place/Eggsperience+Vasilis+Main+Street/data=!4m2!3m1!1s0x89d36d17a61ce3ab:0xe6b79c425fbefee9",
        "Address": "1526 Main St, Buffalo, NY 14209, USA",
        "category": "unctuous_brunch"
      }
    },
    {
      "type": "Feature",
      "geometry": {
        "type": "Point",
        "coordinates": [
          -78.8707221,
          42.8995222
        ]
      },
      "properties": {
        "name": "Roaring Spring Home",
        "url": "https://www.google.com/maps/place/Roaring+Spring+Home/data=!4m2!3m1!1s0x89d313f7cd7e1d0b:0x916ddcf99ff0979a",
        "Address": "927 Elmwood Ave, Buffalo, NY 14222, USA",
        "category": "thrifty_business"
      }
    },
    {
      "type": "Feature",
      "geometry": {
        "type": "Point",
        "coordinates": [
          -78.8531256,
          42.915624
        ]
      },
      "properties": {
        "name": "Buffalo ReUse",
        "url": "https://www.google.com/maps/place/Buffalo+ReUse/data=!4m2!3m1!1s0x89d3128c32286f3d:0x4af08db44312029d",
        "Address": "980 Northampton St, Buffalo, NY 14211, USA",
        "category": "thrifty_business"
      }
    },
    {
      "type": "Feature",
      "geometry": {
        "type": "Point",
        "coordinates": [
          -78.8768837,
          42.9167565
        ]
      },
      "properties": {
        "name": "Thin Ice",
        "url": "https://www.google.com/maps/place/Thin+Ice/data=!4m2!3m1!1s0x89d312e410623d8f:0x30bca1a7d7d0d8d5",
        "Address": "719 Elmwood Ave, Buffalo, NY 14222, USA",
        "category": "thrifty_business"
      }
    },
    {
      "type": "Feature",
      "geometry": {
        "type": "Point",
        "coordinates": [
          -78.8774632,
          42.9191462
        ]
      },
      "properties": {
        "name": "Second Chic",
        "url": "https://www.google.com/maps/place/Second+Chic/data=!4m2!3m1!1s0x89d312e6cf7bec49:0x543500be37a05c37",
        "Address": "810 Elmwood Ave, Buffalo, NY 14222, USA",
        "category": "thrifty_business"
      }
    },
    {
      "type": "Feature",
      "geometry": {
        "type": "Point",
        "coordinates": [
          -78.8773075,
          42.9015867
        ]
      },
      "properties": {
        "name": "My Cuzin Vintage",
        "url": "https://www.google.com/maps/place/My+Cuzin+Vintage/data=!4m2!3m1!1s0x89d31256716fd845:0x71f87baae46a78e7",
        "Address": "168 Elmwood Ave, Buffalo, NY 14201, USA",
        "category": "thrifty_business"
      }
    },
    {
      "type": "Feature",
      "geometry": {
        "type": "Point",
        "coordinates": [
          -78.8534288,
          42.9478497
        ]
      },
      "properties": {
        "name": "Queen City Vintage",
        "url": "https://www.google.com/maps/place/Queen+City+Vintage/data=!4m2!3m1!1s0x89d36d107cfe2f09:0xe8b1cb5ee204d20",
        "Address": "746 Elmwood Ave, Buffalo, NY 14222, USA",
        "category": "thrifty_business"
      }
    },
    {
      "type": "Feature",
      "geometry": {
        "type": "Point",
        "coordinates": [
          -78.8715141,
          42.8995092
        ]
      },
      "properties": {
        "name": "White Dog Vintage",
        "url": "https://www.google.com/maps/place/White+Dog+Vintage/data=!4m2!3m1!1s0x89d36d39ccd3fa95:0xafc2970342641d76",
        "Address": "43 1/2 Allen St, Buffalo, NY 14202, USA",
        "category": "thrifty_business"
      }
    },
    {
      "type": "Feature",
      "geometry": {
        "type": "Point",
        "coordinates": [
          -78.9080394,
          42.958481
        ]
      },
      "properties": {
        "name": "Via Princessa",
        "url": "https://www.google.com/maps/place/Via+Princessa/data=!4m2!3m1!1s0x89d37f375be551e7:0x7af32e4fa68987f6",
        "Address": "1111 Tonawanda St, Buffalo, NY 14207, USA",
        "category": "thrifty_business"
      }
    },
    {
      "type": "Feature",
      "geometry": {
        "type": "Point",
        "coordinates": [
          -78.8947789,
          42.9553883
        ]
      },
      "properties": {
        "name": "The MadHouse",
        "url": "https://www.google.com/maps/place/The+MadHouse/data=!4m2!3m1!1s0x89d36def6ab61e37:0xe3d91e2adc5ffc4b",
        "Address": "155 Isabelle St, Buffalo, NY 14207, USA",
        "category": "thrifty_business"
      }
    },
    {
      "type": "Feature",
      "geometry": {
        "type": "Point",
        "coordinates": [
          -78.8778981,
          42.9480881
        ]
      },
      "properties": {
        "name": "Second Chic Outlet",
        "url": "https://www.google.com/maps/place/Second+Chic+Outlet/data=!4m2!3m1!1s0x89d36d003a47e137:0x6bfc9b748a6df50a",
        "Address": "1871 Elmwood Ave, Buffalo, NY 14216, USA",
        "category": "thrifty_business"
      }
    },
    {
      "type": "Feature",
      "geometry": {
        "type": "Point",
        "coordinates": [
          -78.8619683,
          42.9476123
        ]
      },
      "properties": {
        "name": "Clean Collective Refillery",
        "url": "https://www.google.com/maps/place/Clean+Collective+Refillery/data=!4m2!3m1!1s0x89d36d003a22ae17:0x82613c29155f584d",
        "Address": "1251 Hertel Ave, Buffalo, NY 14216, USA",
        "category": "thrifty_business"
      }
    },
    {
      "type": "Feature",
      "geometry": {
        "type": "Point",
        "coordinates": [
          -78.8768286,
          42.911137
        ]
      },
      "properties": {
        "name": "Flip it & Reverse it Apparel",
        "url": "https://www.google.com/maps/place/Flip+it+%26+Reverse+it+Apparel/data=!4m2!3m1!1s0x89d313645843569f:0xeaf2ebc932402d02",
        "Address": "515 Elmwood Ave, Buffalo, NY 14222, USA",
        "category": "thrifty_business"
      }
    },
    {
      "type": "Feature",
      "geometry": {
        "type": "Point",
        "coordinates": [
          -78.8700425,
          42.9641075
        ]
      },
      "properties": {
        "name": "The Vintage Raider 716",
        "url": "https://www.google.com/maps/place/The+Vintage+Raider+716/data=!4m2!3m1!1s0x89d36db8f7568887:0x5c2eb9d8d5bb7e7e",
        "Address": "2935 Delaware Ave, Kenmore, NY 14217, USA",
        "category": "thrifty_business"
      }
    },
    {
      "type": "Feature",
      "geometry": {
        "type": "Point",
        "coordinates": [
          -78.856372,
          42.8754882
        ]
      },
      "properties": {
        "name": "Boring Girls",
        "url": "https://www.google.com/maps/place/Boring+Girls/data=!4m2!3m1!1s0x89d313824b059207:0x32d7ac15ddcc8f52",
        "Address": "567 Exchange St Unit 309a, Buffalo, NY 14210, USA",
        "category": "thrifty_business"
      }
    },
    {
      "type": "Feature",
      "geometry": {
        "type": "Point",
        "coordinates": [
          -78.8767853,
          42.9188464
        ]
      },
      "properties": {
        "name": "Save The Rags",
        "url": "https://www.google.com/maps/place/Save+The+Rags/data=!4m2!3m1!1s0x89d36d0106352797:0x7c28d2a8a6fb65d",
        "Address": "795 Elmwood Ave, Buffalo, NY 14222, USA",
        "category": "thrifty_business"
      }
    },
    {
      "type": "Feature",
      "geometry": {
        "type": "Point",
        "coordinates": [
          -78.8720781,
          42.899576
        ]
      },
      "properties": {
        "name": "Backroomvintage",
        "url": "https://www.google.com/maps/place/Backroomvintage/data=!4m2!3m1!1s0x89d313b9c3ed7b85:0xb9b10d36fb5d3c7e",
        "Address": "495 Franklin St, Buffalo, NY 14202, USA",
        "category": "thrifty_business"
      }
    },
    {
      "type": "Feature",
      "geometry": {
        "type": "Point",
        "coordinates": [
          -78.8489918,
          42.947863
        ]
      },
      "properties": {
        "name": "Everything Vintage Apparel",
        "url": "https://www.google.com/maps/place/Everything+Vintage+Apparel/data=!4m2!3m1!1s0x89d36d7ccb4ea505:0x6fc830de0e6ab016",
        "Address": "1592 Hertel Ave, Buffalo, NY 14216, USA",
        "category": "thrifty_business"
      }
    },
    {
      "type": "Feature",
      "geometry": {
        "type": "Point",
        "coordinates": [
          -78.89963,
          42.9183652
        ]
      },
      "properties": {
        "name": "Niagara Street Vintage Collective",
        "url": "https://www.google.com/maps/place/Niagara+Street+Vintage+Collective/data=!4m2!3m1!1s0x89d313d6f100a047:0x802f1075dfbde418",
        "Address": "1250 Niagara St, Buffalo, NY 14213, USA",
        "category": "thrifty_business"
      }
    },
    {
      "type": "Feature",
      "geometry": {
        "type": "Point",
        "coordinates": [
          -78.807749,
          42.8899143
        ]
      },
      "properties": {
        "name": "Sweet Mix @1096",
        "url": "https://www.google.com/maps/place/Sweet+Mix+@1096/data=!4m2!3m1!1s0x89d30dc4e1337bdd:0x5767847437e6dcd8",
        "Address": "1096 E Lovejoy St, Buffalo, NY 14206, USA",
        "category": "sweet_treats"
      }
    },
    {
      "type": "Feature",
      "geometry": {
        "type": "Point",
        "coordinates": [
          -78.8430599,
          42.873737
        ]
      },
      "properties": {
        "name": "Artigiana",
        "url": "https://www.google.com/maps/place/Artigiana/data=!4m2!3m1!1s0x89d313e24f472de1:0xbfc17bb0a19f3e59",
        "Address": "935 Seneca St, Buffalo, NY 14210, USA",
        "category": "sweet_treats"
      }
    },
    {
      "type": "Feature",
      "geometry": {
        "type": "Point",
        "coordinates": [
          -78.8772534,
          42.9277994
        ]
      },
      "properties": {
        "name": "POPularity! Soda, Popcorn, Culture",
        "url": "https://www.google.com/maps/place/POPularity!+Soda,+Popcorn,+Culture/data=!4m2!3m1!1s0x89d313aa306401b1:0x5000059500c190c3",
        "Address": "1124 Elmwood Ave, Buffalo, NY 14222, USA",
        "category": "sweet_treats"
      }
    },
    {
      "type": "Feature",
      "geometry": {
        "type": "Point",
        "coordinates": [
          -78.9076934,
          42.9577615
        ]
      },
      "properties": {
        "name": "Riverside Place",
        "url": "https://www.google.com/maps/place/Riverside+Place/data=!4m2!3m1!1s0x89d36d76895c0bb7:0xf8da3bb5c785e137",
        "Address": "1083 Tonawanda St, Buffalo, NY 14207, USA",
        "category": "sweet_treats"
      }
    },
    {
      "type": "Feature",
      "geometry": {
        "type": "Point",
        "coordinates": [
          -78.8655407,
          42.8678818
        ]
      },
      "properties": {
        "name": "Sevens",
        "url": "https://www.google.com/maps/place/Sevens/data=!4m2!3m1!1s0x89d313001cb7ce37:0xacfafafdd2b0211c",
        "Address": "225 Louisiana St, Buffalo, NY 14204, USA",
        "category": "sweet_treats"
      }
    },
    {
      "type": "Feature",
      "geometry": {
        "type": "Point",
        "coordinates": [
          -78.875365,
          42.8880678
        ]
      },
      "properties": {
        "name": "The CookieJar716 LLC",
        "url": "https://www.google.com/maps/place/The+CookieJar716+LLC/data=!4m2!3m1!1s0x89d30dd49bbb07f7:0x230e112dc0bef31b",
        "Address": "300 Pearl St, Buffalo, NY 14202, USA",
        "category": "sweet_treats"
      }
    },
    {
      "type": "Feature",
      "geometry": {
        "type": "Point",
        "coordinates": [
          -78.8594636,
          42.8707217
        ]
      },
      "properties": {
        "name": "Mazurek's Bakery",
        "url": "https://www.google.com/maps/place/Mazurek's+Bakery/data=!4m2!3m1!1s0x89d312186778ced5:0xc7162fb24f8fe368",
        "Address": "543 South Park Ave, Buffalo, NY 14204, USA",
        "category": "sweet_treats"
      }
    },
    {
      "type": "Feature",
      "geometry": {
        "type": "Point",
        "coordinates": [
          -78.8475129,
          42.968133
        ]
      },
      "properties": {
        "name": "The Sugar Palette",
        "url": "https://www.google.com/maps/place/The+Sugar+Palette/data=!4m2!3m1!1s0x89d37753018a61bb:0x4dd94328fbdcbed1",
        "Address": "833 Englewood Ave, Buffalo, NY 14223, USA",
        "category": "sweet_treats"
      }
    },
    {
      "type": "Feature",
      "geometry": {
        "type": "Point",
        "coordinates": [
          -78.8842844,
          42.91109
        ]
      },
      "properties": {
        "name": "Rosie's Handcrafted Ice Cream",
        "url": "https://www.google.com/maps/place/Rosie's+Handcrafted+Ice+Cream/data=!4m2!3m1!1s0x89d3131a463dfcd3:0x7ca2de930a805633",
        "Address": "488 W Utica St, Buffalo, NY 14213, USA",
        "category": "sweet_treats"
      }
    },
    {
      "type": "Feature",
      "geometry": {
        "type": "Point",
        "coordinates": [
          -78.8625851,
          42.9123628
        ]
      },
      "properties": {
        "name": "Dipped & Designed by Mallory",
        "url": "https://www.google.com/maps/place/Dipped+%26+Designed+by+Mallory/data=!4m2!3m1!1s0x89d312ed6b11936d:0x3cbecdecb5b9d297",
        "Address": "73 Glenwood Ave, Buffalo, NY 14209, USA",
        "category": "sweet_treats"
      }
    },
    {
      "type": "Feature",
      "geometry": {
        "type": "Point",
        "coordinates": [
          -78.8789088,
          42.9133616
        ]
      },
      "properties": {
        "name": "Farm Shop",
        "url": "https://www.google.com/maps/place/Farm+Shop/data=!4m2!3m1!1s0x89d312e34f722c4f:0x5968e25dce91dd20",
        "Address": "235 B Lexington Ave, Buffalo, NY 14222, USA",
        "category": "sweet_treats"
      }
    },
    {
      "type": "Feature",
      "geometry": {
        "type": "Point",
        "coordinates": [
          -78.85611,
          43.036964
        ]
      },
      "properties": {
        "name": "Anastasia's Artisan Bread Bakery & Coffee Shop",
        "url": "https://www.google.com/maps/place/Anastasia's+Artisan+Bread+Bakery+%26+Coffee+Shop/data=!4m2!3m1!1s0x89d36f006f69963d:0x2efb3f6ce55647a3",
        "Address": "236 Zimmerman St, North Tonawanda, NY 14120, USA",
        "category": "sweet_treats"
      }
    },
    {
      "type": "Feature",
      "geometry": {
        "type": "Point",
        "coordinates": [
          -78.823763,
          42.9534102
        ]
      },
      "properties": {
        "name": "Buffalo Delights",
        "url": "https://www.google.com/maps/place/Buffalo+Delights/data=!4m2!3m1!1s0x89d373bdba43af01:0x8639921e270d11c4",
        "Address": "3292 Main St, Buffalo, NY 14214, USA",
        "category": "sweet_treats"
      }
    },
    {
      "type": "Feature",
      "geometry": {
        "type": "Point",
        "coordinates": [
          -78.8743335,
          42.8864855
        ]
      },
      "properties": {
        "name": "Road Less Traveled Productions",
        "url": "https://www.google.com/maps/place/Road+Less+Traveled+Productions/data=!4m2!3m1!1s0x89d3124563368aa7:0xf5a77bb9f298625e",
        "Address": "456 Main St, Buffalo, NY 14202, USA",
        "category": "stage_craft"
      }
    },
    {
      "type": "Feature",
      "geometry": {
        "type": "Point",
        "coordinates": [
          -78.876497,
          42.9421461
        ]
      },
      "properties": {
        "name": "Buffalo Improv House",
        "url": "https://www.google.com/maps/place/Buffalo+Improv+House/data=!4m2!3m1!1s0x8a072a5704a2a217:0xeeaa24ff99aad46e",
        "Address": "255 Great Arrow Ave Suite 207, Buffalo, NY 14207, USA",
        "category": "stage_craft"
      }
    },
    {
      "type": "Feature",
      "geometry": {
        "type": "Point",
        "coordinates": [
          -78.8734282,
          42.8934298
        ]
      },
      "properties": {
        "name": "Wxyz Bar+lounge",
        "url": "https://www.google.com/maps/place/Wxyz+Bar%2Blounge/data=!4m2!3m1!1s0x89d31248c896fe1b:0xcce9d298f5049d35",
        "Address": "512 Pearl St, Buffalo, NY 14202, USA",
        "category": "rack_em"
      }
    },
    {
      "type": "Feature",
      "geometry": {
        "type": "Point",
        "coordinates": [
          -78.8239047,
          42.8438407
        ]
      },
      "properties": {
        "name": "Black Dog's Tavern",
        "url": "https://www.google.com/maps/place/Black+Dog's+Tavern/data=!4m2!3m1!1s0x89d30e16df79368d:0x767e26324c83635e",
        "Address": "2015 South Park Ave, Buffalo, NY 14220, USA",
        "category": "rack_em"
      }
    },
    {
      "type": "Feature",
      "geometry": {
        "type": "Point",
        "coordinates": [
          -78.8288751,
          42.8751922
        ]
      },
      "properties": {
        "name": "Old School Tavern",
        "url": "https://www.google.com/maps/place/Old+School+Tavern/data=!4m2!3m1!1s0x89d30df2398403f5:0x3088683bbf294380",
        "Address": "1263 Clinton St, Buffalo, NY 14206, USA",
        "category": "rack_em"
      }
    },
    {
      "type": "Feature",
      "geometry": {
        "type": "Point",
        "coordinates": [
          -78.8355621,
          42.8834924
        ]
      },
      "properties": {
        "name": "Twilight Grill",
        "url": "https://www.google.com/maps/place/Twilight+Grill/data=!4m2!3m1!1s0x89d30d8a351be075:0xd42dce1401e06fab",
        "Address": "494 Howard St, Buffalo, NY 14206, USA",
        "category": "rack_em"
      }
    },
    {
      "type": "Feature",
      "geometry": {
        "type": "Point",
        "coordinates": [
          -78.8246213,
          42.8643761
        ]
      },
      "properties": {
        "name": "Brandys pub",
        "url": "https://www.google.com/maps/place/Brandys+pub/data=!4m2!3m1!1s0x89d30dd6464c0c8d:0xdbe62c4bf0ddd695",
        "Address": "805 Elk St, Buffalo, NY 14210, USA",
        "category": "rack_em"
      }
    },
    {
      "type": "Feature",
      "geometry": {
        "type": "Point",
        "coordinates": [
          -78.8721644,
          42.947606
        ]
      },
      "properties": {
        "name": "Hippodrome Billiards Inc",
        "url": "https://www.google.com/maps/place/Hippodrome+Billiards+Inc/data=!4m2!3m1!1s0x89d36d2e281ec7fb:0x783d30883143fa5e",
        "Address": "975 Hertel Ave # 1, Buffalo, NY 14216, USA",
        "category": "rack_em"
      }
    },
    {
      "type": "Feature",
      "geometry": {
        "type": "Point",
        "coordinates": [
          -78.872745,
          42.8868693
        ]
      },
      "properties": {
        "name": "IL MULINO - Cocktail Bar - Downtown",
        "url": "https://www.google.com/maps/place/IL+MULINO+-+Cocktail+Bar+-+Downtown/data=!4m2!3m1!1s0x89d3130044dfde63:0xb9440b761ef4c013",
        "Address": "465 Washington St, Buffalo, NY 14203, USA",
        "category": "rack_em"
      }
    },
    {
      "type": "Feature",
      "geometry": {
        "type": "Point",
        "coordinates": [
          -78.811306,
          42.871691
        ]
      },
      "properties": {
        "name": "The Park Lounge",
        "url": "https://www.google.com/maps/place/The+Park+Lounge/data=!4m2!3m1!1s0x89d30dc3e9eee68d:0x46ac280ef460e56e",
        "Address": "1761 Clinton St, Buffalo, NY 14206, USA",
        "category": "rack_em"
      }
    },
    {
      "type": "Feature",
      "geometry": {
        "type": "Point",
        "coordinates": [
          -78.7850813,
          42.8719236
        ]
      },
      "properties": {
        "name": "Pocketeer Billiards",
        "url": "https://www.google.com/maps/place/Pocketeer+Billiards/data=!4m2!3m1!1s0x89d30c36f1cb0179:0x9fd37e23bf9e782c",
        "Address": "2444 Clinton St, Buffalo, NY 14224, USA",
        "category": "rack_em"
      }
    },
    {
      "type": "Feature",
      "geometry": {
        "type": "Point",
        "coordinates": [
          -78.8899909,
          42.9241776
        ]
      },
      "properties": {
        "name": "The Gypsy Parlor",
        "url": "https://www.google.com/maps/place/The+Gypsy+Parlor/data=!4m2!3m1!1s0x89d313220fdb3d49:0xe9cec42ee4702e4",
        "Address": "376 Grant St, Buffalo, NY 14213, USA",
        "category": "rack_em"
      }
    },
    {
      "type": "Feature",
      "geometry": {
        "type": "Point",
        "coordinates": [
          -78.8772817,
          42.9274485
        ]
      },
      "properties": {
        "name": "Mr. Goodbar",
        "url": "https://www.google.com/maps/place/Mr.+Goodbar/data=!4m2!3m1!1s0x89d312dbf0ddb677:0x4bac4490c8b8ae9e",
        "Address": "1110 Elmwood Ave, Buffalo, NY 14222, USA",
        "category": "rack_em"
      }
    },
    {
      "type": "Feature",
      "geometry": {
        "type": "Point",
        "coordinates": [
          -78.8723435,
          42.888133
        ]
      },
      "properties": {
        "name": "House Of Charm",
        "url": "https://www.google.com/maps/place/House+Of+Charm/data=!4m2!3m1!1s0x89d3131c460b429d:0x41f7250d592cde07",
        "Address": "517 Washington St, Buffalo, NY 14203, USA",
        "category": "rack_em"
      }
    },
    {
      "type": "Feature",
      "geometry": {
        "type": "Point",
        "coordinates": [
          -78.8771897,
          42.9229337
        ]
      },
      "properties": {
        "name": "McGarrets",
        "url": "https://www.google.com/maps/place/McGarrets/data=!4m2!3m1!1s0x89d312ddefb63d09:0xb9612dd3acd11c72",
        "Address": "946 Elmwood Ave, Buffalo, NY 14222, USA",
        "category": "rack_em"
      }
    },
    {
      "type": "Feature",
      "geometry": {
        "type": "Point",
        "coordinates": [
          -78.8827403,
          42.9132991
        ]
      },
      "properties": {
        "name": "Essex St. Pub",
        "url": "https://www.google.com/maps/place/Essex+St.+Pub/data=!4m2!3m1!1s0x89d312e2ad79c969:0xc62fa66f4d94d919",
        "Address": "530 Rhode Island St, Buffalo, NY 14213, USA",
        "category": "rack_em"
      }
    },
    {
      "type": "Feature",
      "geometry": {
        "type": "Point",
        "coordinates": [
          -78.8739315,
          42.8938759
        ]
      },
      "properties": {
        "name": "Tudor Lounge",
        "url": "https://www.google.com/maps/place/Tudor+Lounge/data=!4m2!3m1!1s0x89d312503c59af59:0x558a9ae33f8aa4f",
        "Address": "335 Franklin St, Buffalo, NY 14202, USA",
        "category": "rack_em"
      }
    },
    {
      "type": "Feature",
      "geometry": {
        "type": "Point",
        "coordinates": [
          -78.8081666,
          42.8544179
        ]
      },
      "properties": {
        "name": "The Blackthorn Restaurant & Pub",
        "url": "https://www.google.com/maps/place/The+Blackthorn+Restaurant+%26+Pub/data=!4m2!3m1!1s0x89d30e76e916dbcd:0xf16962d4d274b8a3",
        "Address": "2134 Seneca St, Buffalo, NY 14210, USA",
        "category": "patio_season"
      }
    },
    {
      "type": "Feature",
      "geometry": {
        "type": "Point",
        "coordinates": [
          -78.8344633,
          42.9188085
        ]
      },
      "properties": {
        "name": "Manna @ Northland",
        "url": "https://www.google.com/maps/place/Manna+@+Northland/data=!4m2!3m1!1s0x89d30d6032e0fbb7:0x960942a3c38e99de",
        "Address": "1786 Main St, Buffalo, NY 14208, USA",
        "category": "patio_season"
      }
    },
    {
      "type": "Feature",
      "geometry": {
        "type": "Point",
        "coordinates": [
          -78.87386,
          42.8939996
        ]
      },
      "properties": {
        "name": "Quenelle",
        "url": "https://www.google.com/maps/place/Quenelle/data=!4m2!3m1!1s0x89d313528cbe0919:0xb9bb63e0357d3346",
        "Address": "341 Franklin St, Buffalo, NY 14202, USA",
        "category": "patio_season"
      }
    },
    {
      "type": "Feature",
      "geometry": {
        "type": "Point",
        "coordinates": [
          -78.8784897,
          42.9133044
        ]
      },
      "properties": {
        "name": "The Place",
        "url": "https://www.google.com/maps/place/The+Place/data=!4m2!3m1!1s0x89d312e351e680e7:0x9b2778d252684b2c",
        "Address": "229 Lexington Ave, Buffalo, NY 14222, USA",
        "category": "patio_season"
      }
    },
    {
      "type": "Feature",
      "geometry": {
        "type": "Point",
        "coordinates": [
          -78.8578663,
          42.8659282
        ]
      },
      "properties": {
        "name": "Cook's Bar & Grill",
        "url": "https://www.google.com/maps/place/Cook's+Bar+%26+Grill/data=!4m2!3m1!1s0x89d3121ee3caf1ed:0x8e6c3827cd2a2ce8",
        "Address": "222 Katherine St, Buffalo, NY 14210, USA",
        "category": "patio_season"
      }
    },
    {
      "type": "Feature",
      "geometry": {
        "type": "Point",
        "coordinates": [
          -78.8245329,
          42.952727
        ]
      },
      "properties": {
        "name": "Shango New Orleans Bistro & Wine Bar",
        "url": "https://www.google.com/maps/place/Shango+New+Orleans+Bistro+%26+Wine+Bar/data=!4m2!3m1!1s0x89d372bcfbb1c967:0x2c50e56f0e0f6d61",
        "Address": "3260 Main St, Buffalo, NY 14214, USA",
        "category": "patio_season"
      }
    },
    {
      "type": "Feature",
      "geometry": {
        "type": "Point",
        "coordinates": [
          -78.8934702,
          42.9367525
        ]
      },
      "properties": {
        "name": "The Phoenix at 269",
        "url": "https://www.google.com/maps/place/The+Phoenix+at+269/data=!4m2!3m1!1s0x89d3136103550507:0x5a396a6e9ebc4d90",
        "Address": "269 Amherst St, Buffalo, NY 14207, USA",
        "category": "patio_season"
      }
    },
    {
      "type": "Feature",
      "geometry": {
        "type": "Point",
        "coordinates": [
          -78.8705673,
          42.8981209
        ]
      },
      "properties": {
        "name": "Coco Bar & Bistro",
        "url": "https://www.google.com/maps/place/Coco+Bar+%26+Bistro/data=!4m2!3m1!1s0x89d312598d3caf5b:0xf2e25110ba0e94ab",
        "Address": "888 Main St, Buffalo, NY 14202, USA",
        "category": "patio_season"
      }
    },
    {
      "type": "Feature",
      "geometry": {
        "type": "Point",
        "coordinates": [
          -78.8746521,
          42.8911609
        ]
      },
      "properties": {
        "name": "Sky Bar",
        "url": "https://www.google.com/maps/place/Sky+Bar/data=!4m2!3m1!1s0x89d3124faeaf7fb1:0x7f61e6110bf7778e",
        "Address": "257 Franklin St, Buffalo, NY 14202, USA",
        "category": "patio_season"
      }
    },
    {
      "type": "Feature",
      "geometry": {
        "type": "Point",
        "coordinates": [
          -78.8876225,
          42.8788432
        ]
      },
      "properties": {
        "name": "Sully's Harbor Bar @ Harbor Walk | Erie Basin Marina",
        "url": "https://www.google.com/maps/place/Sully's+Harbor+Bar+@+Harbor+Walk+%7C+Erie+Basin+Marina/data=!4m2!3m1!1s0x89d3137d965cd70d:0xcb43e304a03e62ec",
        "Address": "329 Erie St, Buffalo, NY 14202, USA",
        "category": "patio_season"
      }
    },
    {
      "type": "Feature",
      "geometry": {
        "type": "Point",
        "coordinates": [
          -78.8781961,
          42.9131043
        ]
      },
      "properties": {
        "name": "Saint Neri",
        "url": "https://www.google.com/maps/place/Saint+Neri/data=!4m2!3m1!1s0x89d3133669f4bf71:0xb3c65faf92d2f0a3",
        "Address": "220 Lexington Ave, Buffalo, NY 14222, USA",
        "category": "patio_season"
      }
    },
    {
      "type": "Feature",
      "geometry": {
        "type": "Point",
        "coordinates": [
          -78.8063817,
          42.8898875
        ]
      },
      "properties": {
        "name": "La Verdad Cafe",
        "url": "https://www.google.com/maps/place/La+Verdad+Cafe/data=!4m2!3m1!1s0x89d30da5b8207807:0xc018a617b629f502",
        "Address": "Benzinger and lovejoy, 1132 E Lovejoy St, Buffalo, NY 14206, USA",
        "category": "patio_season"
      }
    },
    {
      "type": "Feature",
      "geometry": {
        "type": "Point",
        "coordinates": [
          -78.9076934,
          42.9577615
        ]
      },
      "properties": {
        "name": "Riverside Place",
        "url": "https://www.google.com/maps/place/Riverside+Place/data=!4m2!3m1!1s0x89d36d76895c0bb7:0xf8da3bb5c785e137",
        "Address": "1083 Tonawanda St, Buffalo, NY 14207, USA",
        "category": "patio_season"
      }
    },
    {
      "type": "Feature",
      "geometry": {
        "type": "Point",
        "coordinates": [
          -78.9097251,
          42.9602455
        ]
      },
      "properties": {
        "name": "Flavors of Jean",
        "url": "https://www.google.com/maps/place/Flavors+of+Jean/data=!4m2!3m1!1s0x89d36de1329459bf:0x32d2cdc0390b7a53",
        "Address": "1187 Tonawanda St, Tonawanda Town, NY 14207, USA",
        "category": "patio_season"
      }
    },
    {
      "type": "Feature",
      "geometry": {
        "type": "Point",
        "coordinates": [
          -78.8986272,
          42.9232074
        ]
      },
      "properties": {
        "name": "William's Kitchen",
        "url": "https://www.google.com/maps/place/William's+Kitchen/data=!4m2!3m1!1s0x89d3131d3e60ece3:0x7016ec5e42f06af3",
        "Address": "1432 Niagara St, Buffalo, NY 14213, USA",
        "category": "noods"
      }
    },
    {
      "type": "Feature",
      "geometry": {
        "type": "Point",
        "coordinates": [
          -78.8986273,
          42.9231985
        ]
      },
      "properties": {
        "name": "Phyu Thein",
        "url": "https://www.google.com/maps/place/Phyu+Thein/data=!4m2!3m1!1s0x89d3136cfd17f68f:0x45b63790516c27c9",
        "Address": "1432 Niagara St, Buffalo, NY 14213, USA",
        "category": "noods"
      }
    },
    {
      "type": "Feature",
      "geometry": {
        "type": "Point",
        "coordinates": [
          -78.8773873,
          42.9249637
        ]
      },
      "properties": {
        "name": "Poke Thai Kitchen",
        "url": "https://www.google.com/maps/place/Poke+Thai+Kitchen/data=!4m2!3m1!1s0x89d313fc8cf38905:0xc08d4ac04c7c50e1",
        "Address": "1020 Elmwood Ave, Buffalo, NY 14222, USA",
        "category": "noods"
      }
    },
    {
      "type": "Feature",
      "geometry": {
        "type": "Point",
        "coordinates": [
          -78.8535373,
          42.9478896
        ]
      },
      "properties": {
        "name": "Taste of Siam",
        "url": "https://www.google.com/maps/place/Taste+of+Siam/data=!4m2!3m1!1s0x89d312e6ce857ecb:0x55290b496208b044",
        "Address": "1472 Hertel Ave, Buffalo, NY 14216, USA",
        "category": "noods"
      }
    },
    {
      "type": "Feature",
      "geometry": {
        "type": "Point",
        "coordinates": [
          -78.8790367,
          42.9725182
        ]
      },
      "properties": {
        "name": "Chin Hills Restaurant",
        "url": "https://www.google.com/maps/place/Chin+Hills+Restaurant/data=!4m2!3m1!1s0x89d36d0370f792c7:0x9a643c1416b74a2",
        "Address": "2756 Elmwood Ave, Kenmore, NY 14217, USA",
        "category": "noods"
      }
    },
    {
      "type": "Feature",
      "geometry": {
        "type": "Point",
        "coordinates": [
          -78.868851,
          42.9432035
        ]
      },
      "properties": {
        "name": "JBC Rice Noodles & Ramen",
        "url": "https://www.google.com/maps/place/JBC+Rice+Noodles+%26+Ramen/data=!4m2!3m1!1s0x89d36d0057556233:0xc9b5f259c638cdf4",
        "Address": "2166 Delaware Ave, Buffalo, NY 14216, USA",
        "category": "noods"
      }
    },
    {
      "type": "Feature",
      "geometry": {
        "type": "Point",
        "coordinates": [
          -78.8773826,
          42.9249603
        ]
      },
      "properties": {
        "name": "Rin Citi",
        "url": "https://www.google.com/maps/place/Rin+Citi/data=!4m2!3m1!1s0x89d313005765efcb:0x9676d218500eb424",
        "Address": "1020 Elmwood Ave, Buffalo, NY 14222, USA",
        "category": "noods"
      }
    },
    {
      "type": "Feature",
      "geometry": {
        "type": "Point",
        "coordinates": [
          -78.8069335,
          42.8534939
        ]
      },
      "properties": {
        "name": "D.A. Eatz",
        "url": "https://www.google.com/maps/place/D.A.+Eatz/data=!4m2!3m1!1s0x89d30f29be83fe2b:0xc26a01aa6cca6808",
        "Address": "2178 Seneca St, Buffalo, NY 14210, USA",
        "category": "noods"
      }
    },
    {
      "type": "Feature",
      "geometry": {
        "type": "Point",
        "coordinates": [
          -78.8887061,
          42.9388772
        ]
      },
      "properties": {
        "name": "Nine & Night Thai Cuisine",
        "url": "https://www.google.com/maps/place/Nine+%26+Night+Thai+Cuisine/data=!4m2!3m1!1s0x89d3138773eb599d:0xa0b55c25159051d4",
        "Address": "414 Amherst St, Buffalo, NY 14207, USA",
        "category": "noods"
      }
    },
    {
      "type": "Feature",
      "geometry": {
        "type": "Point",
        "coordinates": [
          -78.854766,
          42.9475115
        ]
      },
      "properties": {
        "name": "Taisho Hertel",
        "url": "https://www.google.com/maps/place/Taisho+Hertel/data=!4m2!3m1!1s0x89d36d1360a0eda1:0x135321a838f2531e",
        "Address": "1435 Hertel Ave, Buffalo, NY 14216, USA",
        "category": "noods"
      }
    },
    {
      "type": "Feature",
      "geometry": {
        "type": "Point",
        "coordinates": [
          -78.877186,
          42.9176139
        ]
      },
      "properties": {
        "name": "Wasabi Japanese Restaurant",
        "url": "https://www.google.com/maps/place/Wasabi+Japanese+Restaurant/data=!4m2!3m1!1s0x89d312e6a9be1727:0xc8a1322b1d3be14b",
        "Address": "752 Elmwood Ave, Buffalo, NY 14222, USA",
        "category": "noods"
      }
    },
    {
      "type": "Feature",
      "geometry": {
        "type": "Point",
        "coordinates": [
          -78.8774082,
          42.91051
        ]
      },
      "properties": {
        "name": "Taste of Asia",
        "url": "https://www.google.com/maps/place/Taste+of+Asia/data=!4m2!3m1!1s0x89d31350e2e301ad:0x71d76d08fa16fcc0",
        "Address": "494 Elmwood Ave, Buffalo, NY 14222, USA",
        "category": "noods"
      }
    },
    {
      "type": "Feature",
      "geometry": {
        "type": "Point",
        "coordinates": [
          -78.8766782,
          42.9011459
        ]
      },
      "properties": {
        "name": "Teton Kitchen Elmwood: Asian, Tapas, Bar & Sushi",
        "url": "https://www.google.com/maps/place/Teton+Kitchen+Elmwood+.+Asian+Tapas+,+Bar+%26+Sushi/data=!4m2!3m1!1s0x89d3136652b543e9:0xf8c30e3a960ad591",
        "Address": "153 Elmwood Ave, Buffalo, NY 14201, USA",
        "category": "noods"
      }
    },
    {
      "type": "Feature",
      "geometry": {
        "type": "Point",
        "coordinates": [
          -78.889798,
          42.9154504
        ]
      },
      "properties": {
        "name": "Ph\u1edf Dollar",
        "url": "https://www.google.com/maps/place/Ph%E1%BB%9F+Dollar/data=!4m2!3m1!1s0x89d3131b65ba7cd9:0x285c1dbd1a7ae7b2",
        "Address": "322 W Ferry St, Buffalo, NY 14213, USA",
        "category": "noods"
      }
    },
    {
      "type": "Feature",
      "geometry": {
        "type": "Point",
        "coordinates": [
          -78.8517862,
          42.958385
        ]
      },
      "properties": {
        "name": "Yummy Thai",
        "url": "https://www.google.com/maps/place/Yummy+Thai/data=!4m2!3m1!1s0x89d36d6828160463:0xa57cc39ab1a6bb23",
        "Address": "914 Kenmore Ave, Buffalo, NY 14216, USA",
        "category": "noods"
      }
    },
    {
      "type": "Feature",
      "geometry": {
        "type": "Point",
        "coordinates": [
          -78.7384184,
          42.9636496
        ]
      },
      "properties": {
        "name": "Sun Cuisines",
        "url": "https://www.google.com/maps/place/Sun+Cuisines/data=!4m2!3m1!1s0x89d3133667aa9db7:0x880fb269462bb802",
        "Address": "1989 Niagara St, Buffalo, NY 14207, USA",
        "category": "noods"
      }
    },
    {
      "type": "Feature",
      "geometry": {
        "type": "Point",
        "coordinates": [
          -78.879135,
          42.89938
        ]
      },
      "properties": {
        "name": "Bamboo Ridge",
        "url": "https://www.google.com/maps/place/Bamboo+Ridge/data=!4m2!3m1!1s0x89d31300769b4e1d:0x44c1c6b04f28be9c",
        "Address": "244 Allen St, Buffalo, NY 14201, USA",
        "category": "noods"
      }
    },
    {
      "type": "Feature",
      "geometry": {
        "type": "Point",
        "coordinates": [
          -78.7851992,
          42.9638402
        ]
      },
      "properties": {
        "name": "Rin Thai Bistro",
        "url": "https://www.google.com/maps/place/Rin+Thai+Bistro/data=!4m2!3m1!1s0x89d3734c3bcc2507:0x8912dbc45d33a9e8",
        "Address": "4446 Main St, Snyder, NY 14226, USA",
        "category": "noods"
      }
    },
    {
      "type": "Feature",
      "geometry": {
        "type": "Point",
        "coordinates": [
          -78.876854,
          42.9172777
        ]
      },
      "properties": {
        "name": "SATO",
        "url": "https://www.google.com/maps/place/SATO/data=!4m2!3m1!1s0x89d312e41ef1d343:0xa7dbae5db6f3c655",
        "Address": "3268 Main St, Buffalo, NY 14214, USA",
        "category": "noods"
      }
    },
    {
      "type": "Feature",
      "geometry": {
        "type": "Point",
        "coordinates": [
          -78.8769268,
          42.8819402
        ]
      },
      "properties": {
        "name": "K:Dara Noodle Bar",
        "url": "https://www.google.com/maps/place/K:Dara+Noodle+Bar/data=!4m2!3m1!1s0x89d31349c4976423:0xc7aa80aea1915c11",
        "Address": "110 Pearl St, Buffalo, NY 14202, USA",
        "category": "noods"
      }
    },
    {
      "type": "Feature",
      "geometry": {
        "type": "Point",
        "coordinates": [
          -78.8243074,
          42.9528537
        ]
      },
      "properties": {
        "name": "SATO Ramen",
        "url": "https://www.google.com/maps/place/SATO+Ramen/data=!4m2!3m1!1s0x89d372bcfeb1259d:0x9884ff3b26a6fd06",
        "Address": "3268 Main St, Buffalo, NY 14214, USA",
        "category": "noods"
      }
    },
    {
      "type": "Feature",
      "geometry": {
        "type": "Point",
        "coordinates": [
          -78.8315175,
          42.9456728
        ]
      },
      "properties": {
        "name": "Lou Lou",
        "url": "https://www.google.com/maps/place/Lou+Lou/data=!4m2!3m1!1s0x89d373ec8711cf5d:0xdb17650bd039a883",
        "Address": "2939 Main St, Buffalo, NY 14214, USA",
        "category": "not_just_wings"
      }
    },
    {
      "type": "Feature",
      "geometry": {
        "type": "Point",
        "coordinates": [
          -78.8348955,
          42.9188155
        ]
      },
      "properties": {
        "name": "Buffalo Trade center",
        "url": "https://www.google.com/maps/place/Buffalo+Trade+center/data=!4m2!3m1!1s0x89d30d62ff8c9ec5:0xa9ee0f63929af1fd",
        "Address": "171 Walden Ave, Buffalo, NY 14211, USA",
        "category": "not_just_wings"
      }
    },
    {
      "type": "Feature",
      "geometry": {
        "type": "Point",
        "coordinates": [
          -78.8250986,
          42.9513306
        ]
      },
      "properties": {
        "name": "Kalypso Restaurant",
        "url": "https://www.google.com/maps/place/Kalypso+Restaurant/data=!4m2!3m1!1s0x89d372bc9a2cf12f:0xf4e5c736b3abb6bd",
        "Address": "12 Winspear Ave, Buffalo, NY 14214, USA",
        "category": "not_just_wings"
      }
    },
    {
      "type": "Feature",
      "geometry": {
        "type": "Point",
        "coordinates": [
          -78.889798,
          42.9154504
        ]
      },
      "properties": {
        "name": "Ph\u1edf Dollar",
        "url": "https://www.google.com/maps/place/Ph%E1%BB%9F+Dollar/data=!4m2!3m1!1s0x89d3131b65ba7cd9:0x285c1dbd1a7ae7b2",
        "Address": "322 W Ferry St, Buffalo, NY 14213, USA",
        "category": "not_just_wings"
      }
    },
    {
      "type": "Feature",
      "geometry": {
        "type": "Point",
        "coordinates": [
          -78.8286374,
          42.9579571
        ]
      },
      "properties": {
        "name": "Yalleys African Restaurant",
        "url": "https://www.google.com/maps/place/Yalleys+African+Restaurant/data=!4m2!3m1!1s0x89d373dbf0075477:0xf4532d741751733e",
        "Address": "290 Kenmore Ave, Buffalo, NY 14223, USA",
        "category": "not_just_wings"
      }
    },
    {
      "type": "Feature",
      "geometry": {
        "type": "Point",
        "coordinates": [
          -78.8681819,
          42.9489007
        ]
      },
      "properties": {
        "name": "Mighty Taco",
        "url": "https://www.google.com/maps/place/Mighty+Taco/data=!4m2!3m1!1s0x89d36d30ebce0f4d:0xc3a8214bf7212a72",
        "Address": "1039 McKinley Pkwy, Buffalo, NY 14220, USA",
        "category": "not_just_wings"
      }
    },
    {
      "type": "Feature",
      "geometry": {
        "type": "Point",
        "coordinates": [
          -78.8760914,
          42.8821918
        ]
      },
      "properties": {
        "name": "Pete\u2019s Place Food Shop",
        "url": "https://www.google.com/maps/place/Pete%E2%80%99s+Place+Food+Shop/data=!4m2!3m1!1s0x89d3132e55bc3823:0x178f3893b29a4d80",
        "Address": "290 Main St, Buffalo, NY 14202, USA",
        "category": "not_just_wings"
      }
    },
    {
      "type": "Feature",
      "geometry": {
        "type": "Point",
        "coordinates": [
          -78.8790159,
          42.8993775
        ]
      },
      "properties": {
        "name": "Chef BigWayne Jamaican Cuisine",
        "url": "https://www.google.com/maps/place/Chef+BigWayne+Jamaican+Cuisine/data=!4m2!3m1!1s0x89d3134280901bc9:0x7dcb39a765287328",
        "Address": "242 Allen St, Buffalo, NY 14201, USA",
        "category": "not_just_wings"
      }
    },
    {
      "type": "Feature",
      "geometry": {
        "type": "Point",
        "coordinates": [
          -78.8870662,
          42.9107504
        ]
      },
      "properties": {
        "name": "Las Puertas Buffalo",
        "url": "https://www.google.com/maps/place/Las+Puertas+Buffalo/data=!4m2!3m1!1s0x89d31303afc218e3:0xa01dca9de505a096",
        "Address": "385 Rhode Island St, Buffalo, NY 14213, USA",
        "category": "not_just_wings"
      }
    },
    {
      "type": "Feature",
      "geometry": {
        "type": "Point",
        "coordinates": [
          -78.8581255,
          42.878276
        ]
      },
      "properties": {
        "name": "314 Myrtle Ave",
        "url": "https://www.google.com/maps/place/314+Myrtle+Ave/data=!4m2!3m1!1s0x89d31215cac9d6a7:0xd6425a806ed76fbb",
        "Address": "314 Myrtle Ave, Buffalo, NY 14204, USA",
        "category": "not_just_wings"
      }
    },
    {
      "type": "Feature",
      "geometry": {
        "type": "Point",
        "coordinates": [
          -78.7384184,
          42.9636496
        ]
      },
      "properties": {
        "name": "Sun Cuisines",
        "url": "https://www.google.com/maps/place/Sun+Cuisines/data=!4m2!3m1!1s0x89d3133667aa9db7:0x880fb269462bb802",
        "Address": "1989 Niagara St, Buffalo, NY 14207, USA",
        "category": "not_just_wings"
      }
    },
    {
      "type": "Feature",
      "geometry": {
        "type": "Point",
        "coordinates": [
          -78.8442158,
          42.9587405
        ]
      },
      "properties": {
        "name": "Frank Gourmet Hot Dogs",
        "url": "https://www.google.com/maps/place/Frank+Gourmet+Hot+Dogs/data=!4m2!3m1!1s0x89d36d8438275967:0x56633c069e007a4c",
        "Address": "707 Kenmore Ave Buffalo, TN OF TONA, NY 14223, USA",
        "category": "not_just_wings"
      }
    },
    {
      "type": "Feature",
      "geometry": {
        "type": "Point",
        "coordinates": [
          -78.8719156,
          42.8907379
        ]
      },
      "properties": {
        "name": "Pinoy Boi",
        "url": "https://www.google.com/maps/place/Pinoy+Boi/data=!4m2!3m1!1s0x89d3131bd3fef1d1:0xb8072882aa369f81",
        "Address": "617 Main St, Buffalo, NY 14203, USA",
        "category": "not_just_wings"
      }
    },
    {
      "type": "Feature",
      "geometry": {
        "type": "Point",
        "coordinates": [
          -78.8838456,
          42.9405515
        ]
      },
      "properties": {
        "name": "Fresh Arabic Sweets \u0628\u0644\u0627\u062f \u0627\u0644\u0634\u0627\u0645",
        "url": "https://www.google.com/maps/place/Fresh+Arabic+Sweets+%D8%A8%D9%84%D8%A7%D8%AF+%D8%A7%D9%84%D8%B4%D8%A7%D9%85%E2%80%AD/data=!4m2!3m1!1s0x89d3137803f6c705:0xdea843323ee983ee",
        "Address": "560 Amherst St, Buffalo, NY 14207, USA",
        "category": "not_just_wings"
      }
    },
    {
      "type": "Feature",
      "geometry": {
        "type": "Point",
        "coordinates": [
          -78.8890378,
          42.8984042
        ]
      },
      "properties": {
        "name": "Niagara Cafe",
        "url": "https://www.google.com/maps/place/Niagara+Cafe/data=!4m2!3m1!1s0x89d313ac1e86d3e9:0x369e73009938adbf",
        "Address": "525 Niagara St, Buffalo, NY 14201, USA",
        "category": "not_just_wings"
      }
    },
    {
      "type": "Feature",
      "geometry": {
        "type": "Point",
        "coordinates": [
          -78.8985959,
          42.9231818
        ]
      },
      "properties": {
        "name": "Soul Boxx",
        "url": "https://www.google.com/maps/place/Soul+Boxx/data=!4m2!3m1!1s0x89d313e870775c07:0x2a806f4229f104aa",
        "Address": "1432 Niagara St, Buffalo, NY 14213, USA",
        "category": "not_just_wings"
      }
    },
    {
      "type": "Feature",
      "geometry": {
        "type": "Point",
        "coordinates": [
          -78.8857824,
          42.9474499
        ]
      },
      "properties": {
        "name": "Horn of Africa Habesha restaurant",
        "url": "https://www.google.com/maps/place/Horn+of+Africa+Habesha+restaurant/data=!4m2!3m1!1s0x89d36ddaa2fd7d0b:0x53307c146a072ec4",
        "Address": "610 Hertel Ave, Buffalo, NY 14207, USA",
        "category": "not_just_wings"
      }
    },
    {
      "type": "Feature",
      "geometry": {
        "type": "Point",
        "coordinates": [
          -78.8678147,
          42.91876
        ]
      },
      "properties": {
        "name": "Juicy Burger Bar",
        "url": "https://www.google.com/maps/place/Juicy+Burger+Bar/data=!4m2!3m1!1s0x89d304b0374d214d:0xc0f78897b21da082",
        "Address": "1275 Delaware Ave, Buffalo, NY 14209, USA",
        "category": "not_just_wings"
      }
    },
    {
      "type": "Feature",
      "geometry": {
        "type": "Point",
        "coordinates": [
          -78.8476352,
          42.9474198
        ]
      },
      "properties": {
        "name": "Heavens Countertop",
        "url": "https://www.google.com/maps/place/Heavens+Countertop/data=!4m2!3m1!1s0x89d36d004fa513ab:0xe0302d1f07181334",
        "Address": "1641 Hertel Ave, Buffalo, NY 14216, USA",
        "category": "not_just_wings"
      }
    },
    {
      "type": "Feature",
      "geometry": {
        "type": "Point",
        "coordinates": [
          -78.8905153,
          42.9430592
        ]
      },
      "properties": {
        "name": "Pacific Cloud Seafoods",
        "url": "https://www.google.com/maps/place/Pacific+Cloud+Seafoods/data=!4m2!3m1!1s0x89d36d6feb1f9371:0xc3b5079a05882a3e",
        "Address": "27 Chandler St suite 302 a, Buffalo, NY 14207, USA",
        "category": "not_just_wings"
      }
    },
    {
      "type": "Feature",
      "geometry": {
        "type": "Point",
        "coordinates": [
          -78.8772534,
          42.9277994
        ]
      },
      "properties": {
        "name": "POPularity! Soda, Popcorn, Culture",
        "url": "https://www.google.com/maps/place/POPularity!+Soda,+Popcorn,+Culture/data=!4m2!3m1!1s0x89d313aa306401b1:0x5000059500c190c3",
        "Address": "1124 Elmwood Ave, Buffalo, NY 14222, USA",
        "category": "not_just_wings"
      }
    },
    {
      "type": "Feature",
      "geometry": {
        "type": "Point",
        "coordinates": [
          -78.9131166,
          42.9577105
        ]
      },
      "properties": {
        "name": "The Fire Spot Restaurant",
        "url": "https://www.google.com/maps/place/The+Fire+Spot+Restaurant/data=!4m2!3m1!1s0x89d36d2618fb45c7:0xde574da0ff94dcfb",
        "Address": "2829 River Rd, Tonawanda Town, NY 14207, USA",
        "category": "not_just_wings"
      }
    },
    {
      "type": "Feature",
      "geometry": {
        "type": "Point",
        "coordinates": [
          -78.8700511,
          42.8912087
        ]
      },
      "properties": {
        "name": "Brothers Restaurant and Bar",
        "url": "https://www.google.com/maps/place/Brothers+Restaurant+and+Bar/data=!4m2!3m1!1s0x89d36dde0572f749:0x3326ec09e6eaa35a",
        "Address": "475 Ellicott St, Buffalo, NY 14203, USA",
        "category": "not_just_wings"
      }
    },
    {
      "type": "Feature",
      "geometry": {
        "type": "Point",
        "coordinates": [
          -78.8702662,
          42.9678627
        ]
      },
      "properties": {
        "name": "Black Iron",
        "url": "https://www.google.com/maps/place/Black+Iron/data=!4m2!3m1!1s0x89d30fe9b7353a87:0xaea59a07acda3308",
        "Address": "3067 Delaware Ave, Buffalo, NY 14217, USA",
        "category": "not_just_wings"
      }
    },
    {
      "type": "Feature",
      "geometry": {
        "type": "Point",
        "coordinates": [
          -78.8535877,
          42.8858203
        ]
      },
      "properties": {
        "name": "Afghan kabab house & NY style pizza",
        "url": "https://www.google.com/maps/place/Afghan+kabab+house+%26+NY+style+pizza/data=!4m2!3m1!1s0x89d313d7df0ac05f:0xcf0d8670c61d289",
        "Address": "397 Jefferson Ave, Buffalo, NY 14206, USA",
        "category": "not_just_wings"
      }
    },
    {
      "type": "Feature",
      "geometry": {
        "type": "Point",
        "coordinates": [
          -78.827038,
          42.9499323
        ]
      },
      "properties": {
        "name": "The Steer Restaurant & Saloon",
        "url": "https://www.google.com/maps/place/The+Steer+Restaurant+%26+Saloon/data=!4m2!3m1!1s0x89d372a4b5c6c439:0x55089a22d84b1d47",
        "Address": "3151 Main St, Buffalo, NY 14214, USA",
        "category": "not_just_wings"
      }
    },
    {
      "type": "Feature",
      "geometry": {
        "type": "Point",
        "coordinates": [
          -78.8244386,
          42.9528066
        ]
      },
      "properties": {
        "name": "Halal Feast \u00d3",
        "url": "https://www.google.com/maps/place/Halal+Feast+%C3%93/data=!4m2!3m1!1s0x89d3739920a148ef:0xb27cdbcf6e30dd44",
        "Address": "3264 Main St, Buffalo, NY 14214, USA",
        "category": "not_just_wings"
      }
    },
    {
      "type": "Feature",
      "geometry": {
        "type": "Point",
        "coordinates": [
          -78.8772424,
          42.9277513
        ]
      },
      "properties": {
        "name": "Mr. Greek of Buffalo",
        "url": "https://www.google.com/maps/place/Mr.+Greek+of+Buffalo/data=!4m2!3m1!1s0x89d313a297789ded:0xebbc5ef721058422",
        "Address": "1122 Elmwood Ave, Buffalo, NY 14222, USA",
        "category": "not_just_wings"
      }
    },
    {
      "type": "Feature",
      "geometry": {
        "type": "Point",
        "coordinates": [
          -78.8768329,
          42.9246689
        ]
      },
      "properties": {
        "name": "The Jade Turtle",
        "url": "https://www.google.com/maps/place/The+Jade+Turtle/data=!4m2!3m1!1s0x89d313beeb962ba3:0x2c85f91c896cb577",
        "Address": "1007 Elmwood Ave, Buffalo, NY 14222, USA",
        "category": "not_just_wings"
      }
    },
    {
      "type": "Feature",
      "geometry": {
        "type": "Point",
        "coordinates": [
          -78.881503,
          42.8946992
        ]
      },
      "properties": {
        "name": "El Encanto Restaurant",
        "url": "https://www.google.com/maps/place/El+Encanto+Restaurant/data=!4m2!3m1!1s0x89d3134aa416998b:0xbfe405258781aff8",
        "Address": "257 Virginia St, Buffalo, NY 14201, USA",
        "category": "not_just_wings"
      }
    },
    {
      "type": "Feature",
      "geometry": {
        "type": "Point",
        "coordinates": [
          -78.8773873,
          42.9249637
        ]
      },
      "properties": {
        "name": "Poke Thai Kitchen",
        "url": "https://www.google.com/maps/place/Poke+Thai+Kitchen/data=!4m2!3m1!1s0x89d313fc8cf38905:0xc08d4ac04c7c50e1",
        "Address": "1020 Elmwood Ave, Buffalo, NY 14222, USA",
        "category": "not_just_wings"
      }
    },
    {
      "type": "Feature",
      "geometry": {
        "type": "Point",
        "coordinates": [
          -78.8196878,
          42.9351402
        ]
      },
      "properties": {
        "name": "Soul Ty\u201ds",
        "url": "https://www.google.com/maps/place/Soul+Ty%E2%80%9Ds/data=!4m2!3m1!1s0x89d30d0040b87acf:0xc32411b1f269b340",
        "Address": "927 Kensington Ave, Buffalo, NY 14215, USA",
        "category": "not_just_wings"
      }
    },
    {
      "type": "Feature",
      "geometry": {
        "type": "Point",
        "coordinates": [
          -78.8905153,
          42.9430592
        ]
      },
      "properties": {
        "name": "Bloom & Rose Deli",
        "url": "https://www.google.com/maps/place/Bloom+%26+Rose+Deli/data=!4m2!3m1!1s0x89d36de77c89a26b:0xf1a64dd8455b9bea",
        "Address": "27 Chandler St #204a, Buffalo, NY 14207, USA",
        "category": "not_just_wings"
      }
    },
    {
      "type": "Feature",
      "geometry": {
        "type": "Point",
        "coordinates": [
          -78.8768754,
          42.9086584
        ]
      },
      "properties": {
        "name": "A Taste of Soul \"The Hashery\"",
        "url": "https://www.google.com/maps/place/A+Taste+of+Soul+%22The+Hashery%22/data=!4m2!3m1!1s0x89d313c1a4dc2fbd:0xbf146df8d953b3f6",
        "Address": "423 Elmwood Ave, Buffalo, NY 14222, USA",
        "category": "not_just_wings"
      }
    },
    {
      "type": "Feature",
      "geometry": {
        "type": "Point",
        "coordinates": [
          -78.8986272,
          42.9232074
        ]
      },
      "properties": {
        "name": "MalkiaandCo.Gourmets",
        "url": "https://www.google.com/maps/place/MalkiaandCo.Gourmets/data=!4m2!3m1!1s0x89d313000ec17897:0xac28083e917797a8",
        "Address": "1432 Niagara St, Buffalo, NY 14213, USA",
        "category": "not_just_wings"
      }
    },
    {
      "type": "Feature",
      "geometry": {
        "type": "Point",
        "coordinates": [
          -78.8389943,
          42.9387298
        ]
      },
      "properties": {
        "name": "Buffalo suya",
        "url": "https://www.google.com/maps/place/Buffalo+suya/data=!4m2!3m1!1s0x89d36dd528c85e53:0x6038e1b4c2cd2688",
        "Address": "2383 Fillmore Ave, Buffalo, NY 14214, USA",
        "category": "not_just_wings"
      }
    },
    {
      "type": "Feature",
      "geometry": {
        "type": "Point",
        "coordinates": [
          -78.8537091,
          42.8989772
        ]
      },
      "properties": {
        "name": "SuggaDs",
        "url": "https://www.google.com/maps/place/SuggaDs/data=!4m2!3m1!1s0x89d313ccf6d2132f:0x86a11f92f834b18b",
        "Address": "883 Jefferson Ave Suite D, Buffalo, NY 14204, USA",
        "category": "not_just_wings"
      }
    },
    {
      "type": "Feature",
      "geometry": {
        "type": "Point",
        "coordinates": [
          -78.8535859,
          42.899187
        ]
      },
      "properties": {
        "name": "Island Mix",
        "url": "https://www.google.com/maps/place/Island+Mix/data=!4m2!3m1!1s0x89d3126238ed6189:0x56e1e6239c7e75c6",
        "Address": "883 Jefferson Ave, Buffalo, NY 14204, USA",
        "category": "not_just_wings"
      }
    },
    {
      "type": "Feature",
      "geometry": {
        "type": "Point",
        "coordinates": [
          -78.8191783,
          42.8959788
        ]
      },
      "properties": {
        "name": "Al Shahba Shawarma \u0634\u0627\u0648\u0631\u0645\u0627 \u0627\u0644\u0634\u0647\u0628\u0627\u0621",
        "url": "https://www.google.com/maps/place/Al+Shahba+Shawarma+%D8%B4%D8%A7%D9%88%D8%B1%D9%85%D8%A7+%D8%A7%D9%84%D8%B4%D9%87%D8%A8%D8%A7%D8%A1%E2%80%AD/data=!4m2!3m1!1s0x89d30d13456f6d1f:0x5b6bce135478357a",
        "Address": "1505 Broadway, Buffalo, NY 14212, USA",
        "category": "not_just_wings"
      }
    },
    {
      "type": "Feature",
      "geometry": {
        "type": "Point",
        "coordinates": [
          -78.8964873,
          42.9062381
        ]
      },
      "properties": {
        "name": "Pho Lantern Restaurant",
        "url": "https://www.google.com/maps/place/Pho+Lantern+Restaurant/data=!4m2!3m1!1s0x89d313083f6eaee3:0x8ce2ea68c6672d91",
        "Address": "837 Niagara St, Buffalo, NY 14213, USA",
        "category": "not_just_wings"
      }
    },
    {
      "type": "Feature",
      "geometry": {
        "type": "Point",
        "coordinates": [
          -78.8986273,
          42.9231985
        ]
      },
      "properties": {
        "name": "Egyptian Bites",
        "url": "https://www.google.com/maps/place/Egyptian+Bites/data=!4m2!3m1!1s0x89d313d7d177e80b:0x379fb7d9eded388f",
        "Address": "1432 Niagara St, Buffalo, NY 14213, USA",
        "category": "not_just_wings"
      }
    },
    {
      "type": "Feature",
      "geometry": {
        "type": "Point",
        "coordinates": [
          -78.8790367,
          42.9725182
        ]
      },
      "properties": {
        "name": "Chin Hills Restaurant",
        "url": "https://www.google.com/maps/place/Chin+Hills+Restaurant/data=!4m2!3m1!1s0x89d36d0370f792c7:0x9a643c1416b74a2",
        "Address": "2756 Elmwood Ave, Kenmore, NY 14217, USA",
        "category": "not_just_wings"
      }
    },
    {
      "type": "Feature",
      "geometry": {
        "type": "Point",
        "coordinates": [
          -78.9045166,
          42.9505358
        ]
      },
      "properties": {
        "name": "House Of Sandwich LLC",
        "url": "https://www.google.com/maps/place/House+Of+Sandwich+LLC/data=!4m2!3m1!1s0x89d36d55f1913e6b:0xcbbe11c0df8f2b91",
        "Address": "800 Tonawanda St, Buffalo, NY 14207, USA",
        "category": "not_just_wings"
      }
    },
    {
      "type": "Feature",
      "geometry": {
        "type": "Point",
        "coordinates": [
          -78.8655561,
          42.9479692
        ]
      },
      "properties": {
        "name": "Falafel House Bakery & Grill",
        "url": "https://www.google.com/maps/place/Falafel+House+Bakery+%26+Grill/data=!4m2!3m1!1s0x89d36d8be4dbca33:0x73614aa0c82620d3",
        "Address": "1150 Hertel Ave, Buffalo, NY 14216, USA",
        "category": "not_just_wings"
      }
    },
    {
      "type": "Feature",
      "geometry": {
        "type": "Point",
        "coordinates": [
          -78.8094572,
          42.8547253
        ]
      },
      "properties": {
        "name": "Yummy\u2019s Deli & Restaurant",
        "url": "https://www.google.com/maps/place/Yummy%E2%80%99s+Deli+%26+Restaurant/data=!4m2!3m1!1s0x89d30dca37f26123:0xcc1c3ce5ed8aed33",
        "Address": "2097 Seneca St, Buffalo, NY 14210, USA",
        "category": "not_just_wings"
      }
    },
    {
      "type": "Feature",
      "geometry": {
        "type": "Point",
        "coordinates": [
          -78.8604316,
          42.8790284
        ]
      },
      "properties": {
        "name": "Montes Grocery Deli",
        "url": "https://www.google.com/maps/place/Montes+Grocery+Deli/data=!4m2!3m1!1s0x89d312158f0f8261:0x4f0c842d3d1be3b",
        "Address": "413 Swan St, Buffalo, NY 14204, USA",
        "category": "not_just_wings"
      }
    },
    {
      "type": "Feature",
      "geometry": {
        "type": "Point",
        "coordinates": [
          -78.8790643,
          42.8993333
        ]
      },
      "properties": {
        "name": "El Coquito",
        "url": "https://www.google.com/maps/place/El+Coquito/data=!4m2!3m1!1s0x89d313964e0e4d6b:0xb17a0ecd87c6feed",
        "Address": "242 Allen St, Buffalo, NY 14201, USA",
        "category": "not_just_wings"
      }
    },
    {
      "type": "Feature",
      "geometry": {
        "type": "Point",
        "coordinates": [
          -78.8968503,
          42.8960888
        ]
      },
      "properties": {
        "name": "LaSalle Skate Park",
        "url": "https://www.google.com/maps/place/LaSalle+Skate+Park/data=!4m2!3m1!1s0x89d313d76e045377:0x9a722a20cf70b81a",
        "Address": "Buffalo, NY 14202, USA",
        "category": "secret_is_out"
      }
    },
    {
      "type": "Feature",
      "geometry": {
        "type": "Point",
        "coordinates": [
          -78.8982779,
          42.9010162
        ]
      },
      "properties": {
        "name": "Fort Porter",
        "url": "https://www.google.com/maps/place/Fort+Porter/data=!4m2!3m1!1s0x89d313a68f9c126d:0xc194b1a4ade7f15a",
        "Address": "952 Busti Ave, Buffalo, NY 14213, USA",
        "category": "secret_is_out"
      }
    },
    {
      "type": "Feature",
      "geometry": {
        "type": "Point",
        "coordinates": [
          -78.8031654,
          42.8500267
        ]
      },
      "properties": {
        "name": "Coffee & Crochet",
        "url": "https://www.google.com/maps/place/Coffee+%26+Crochet/data=!4m2!3m1!1s0x89d30f464ead4233:0x2d123f868d269ce1",
        "Address": "2342 Seneca St, Buffalo, NY 14210, USA",
        "category": "secret_is_out"
      }
    },
    {
      "type": "Feature",
      "geometry": {
        "type": "Point",
        "coordinates": [
          -78.8369276,
          42.8864576
        ]
      },
      "properties": {
        "name": "G & T Inn",
        "url": "https://www.google.com/maps/place/G+%26+T+Inn/data=!4m2!3m1!1s0x89d30dfa8fa882c9:0x33dc41cd1ada5c26",
        "Address": "68 Memorial Dr, Buffalo, NY 14206, USA",
        "category": "secret_is_out"
      }
    },
    {
      "type": "Feature",
      "geometry": {
        "type": "Point",
        "coordinates": [
          -78.836293,
          42.887735
        ]
      },
      "properties": {
        "name": "Eugene V. Debs Hall",
        "url": "https://www.google.com/maps/place/Eugene+V.+Debs+Hall/data=!4m2!3m1!1s0x89d30d6deb9afb4d:0x84f29ef365960f82",
        "Address": "483 Peckham St, Buffalo, NY 14206, USA",
        "category": "secret_is_out"
      }
    },
    {
      "type": "Feature",
      "geometry": {
        "type": "Point",
        "coordinates": [
          -78.8905153,
          42.9430592
        ]
      },
      "properties": {
        "name": "Pacific Cloud Seafoods",
        "url": "https://www.google.com/maps/place/Pacific+Cloud+Seafoods/data=!4m2!3m1!1s0x89d36d6feb1f9371:0xc3b5079a05882a3e",
        "Address": "27 Chandler St suite 302 a, Buffalo, NY 14207, USA",
        "category": "secret_is_out"
      }
    },
    {
      "type": "Feature",
      "geometry": {
        "type": "Point",
        "coordinates": [
          -78.871416,
          42.874901
        ]
      },
      "properties": {
        "name": "The Brick",
        "url": "https://www.google.com/maps/place/The+Brick/data=!4m2!3m1!1s0x89d3130055e696c3:0x15a6aac61cc731c1",
        "Address": "126 Michigan Ave, Buffalo, NY 14204, USA",
        "category": "secret_is_out"
      }
    },
    {
      "type": "Feature",
      "geometry": {
        "type": "Point",
        "coordinates": [
          -78.8458104,
          42.8774044
        ]
      },
      "properties": {
        "name": "Smokey's Tavern",
        "url": "https://www.google.com/maps/place/Smokey's+Tavern/data=!4m2!3m1!1s0x89d3120c440f389d:0xa476d7f40eb626f",
        "Address": "805 S Division St, Buffalo, NY 14210, USA",
        "category": "secret_is_out"
      }
    },
    {
      "type": "Feature",
      "geometry": {
        "type": "Point",
        "coordinates": [
          -78.8698687,
          42.9105482
        ]
      },
      "properties": {
        "name": "Saturn Club",
        "url": "https://www.google.com/maps/place/Saturn+Club/data=!4m2!3m1!1s0x89d312f04b914dc3:0xa70875d25b1442fa",
        "Address": "977 Delaware Ave, Buffalo, NY 14209, USA",
        "category": "secret_is_out"
      }
    },
    {
      "type": "Feature",
      "geometry": {
        "type": "Point",
        "coordinates": [
          -78.8876225,
          42.8788432
        ]
      },
      "properties": {
        "name": "Sully's Harbor Bar @ Harbor Walk | Erie Basin Marina",
        "url": "https://www.google.com/maps/place/Sully's+Harbor+Bar+@+Harbor+Walk+%7C+Erie+Basin+Marina/data=!4m2!3m1!1s0x89d3137d965cd70d:0xcb43e304a03e62ec",
        "Address": "329 Erie St, Buffalo, NY 14202, USA",
        "category": "secret_is_out"
      }
    },
    {
      "type": "Feature",
      "geometry": {
        "type": "Point",
        "coordinates": [
          -78.9131166,
          42.9577105
        ]
      },
      "properties": {
        "name": "The Fire Spot Restaurant",
        "url": "https://www.google.com/maps/place/The+Fire+Spot+Restaurant/data=!4m2!3m1!1s0x89d36d2618fb45c7:0xde574da0ff94dcfb",
        "Address": "2829 River Rd, Tonawanda Town, NY 14207, USA",
        "category": "secret_is_out"
      }
    },
    {
      "type": "Feature",
      "geometry": {
        "type": "Point",
        "coordinates": [
          -78.8394749,
          42.9393618
        ]
      },
      "properties": {
        "name": "Tool Library Little Free Seed Library",
        "url": "https://maps.app.goo.gl/kimJ45oD449jQiiLA",
        "Address": "2626 Main St, Buffalo, NY 14214, USA",
        "category": "secret_is_out"
      }
    },
    {
      "type": "Feature",
      "geometry": {
        "type": "Point",
        "coordinates": [
          -78.8345339,
          42.9453412
        ]
      },
      "properties": {
        "name": "Buffalo Toy Library",
        "url": "https://maps.app.goo.gl/jYjvWYiYUAUQUnxu7",
        "Address": "328 Beard Ave, Buffalo, NY 14214, USA",
        "category": "secret_is_out"
      }
    },
    {
      "type": "Feature",
      "geometry": {
        "type": "Point",
        "coordinates": [
          -78.9020652,
          42.9350337
        ]
      },
      "properties": {
        "name": "Market Square Park Little Library",
        "url": "https://maps.app.goo.gl/z4kPMZhAx2gw4vCf8",
        "Address": "1869 Niagara St, Buffalo, NY 14207, USA",
        "category": "secret_is_out"
      }
    },
    {
      "type": "Feature",
      "geometry": {
        "type": "Point",
        "coordinates": [
          -78.8788896,
          42.8869004
        ]
      },
      "properties": {
        "name": "Rainbow Trinket Library",
        "url": "",
        "Address": "31 Sanders Rd, Buffalo, NY, USA",
        "category": "secret_is_out"
      }
    },
    {
      "type": "Feature",
      "geometry": {
        "type": "Point",
        "coordinates": [
          -78.8788896,
          42.8869004
        ]
      },
      "properties": {
        "name": "Fairy Exchange Buffalo",
        "url": "",
        "Address": "50 St Florian St, Buffalo, New York",
        "category": "secret_is_out"
      }
    },
    {
      "type": "Feature",
      "geometry": {
        "type": "Point",
        "coordinates": [
          -78.8788896,
          42.8869004
        ]
      },
      "properties": {
        "name": "Art Pole",
        "url": "",
        "Address": "Buffalo, NY, USA",
        "category": "secret_is_out"
      }
    },
    {
      "type": "Feature",
      "geometry": {
        "type": "Point",
        "coordinates": [
          -78.8933644,
          42.910161
        ]
      },
      "properties": {
        "name": "Mass Ave and Plymouth Little Free Library",
        "url": "https://maps.app.goo.gl/U5f8osU3cdTbZ3er8",
        "Address": "489 Plymouth Ave, Buffalo, NY 14213, USA",
        "category": "secret_is_out"
      }
    },
    {
      "type": "Feature",
      "geometry": {
        "type": "Point",
        "coordinates": [
          -78.8788896,
          42.8869004
        ]
      },
      "properties": {
        "name": "Buffalo Dino Exchange",
        "url": "",
        "Address": "1215 West Ave, Buffalo, New York",
        "category": "secret_is_out"
      }
    },
    {
      "type": "Feature",
      "geometry": {
        "type": "Point",
        "coordinates": [
          -78.8985592,
          42.9232
        ]
      },
      "properties": {
        "name": "Illinois Alcohol Company Building",
        "url": "https://www.google.com/maps/place/Illinois+Alcohol+Company+Building/data=!4m2!3m1!1s0x89d313001e45b333:0x9deda3167d0111c5",
        "Address": "1432 Niagara St, Buffalo, NY 14213, USA",
        "category": "secret_is_out"
      }
    },
    {
      "type": "Feature",
      "geometry": {
        "type": "Point",
        "coordinates": [
          -78.8788896,
          42.8869004
        ]
      },
      "properties": {
        "name": "Parade Ground Maintenance Barn",
        "url": "",
        "short_desc": "Parade Ground Maintenance Barn",
        "Address": "Buffalo, NY, USA",
        "category": "secret_is_out"
      }
    },
    {
      "type": "Feature",
      "geometry": {
        "type": "Point",
        "coordinates": [
          -78.8905153,
          42.9430592
        ]
      },
      "properties": {
        "name": "27 Chandler St #204a",
        "url": "https://www.google.com/maps/place/27+Chandler+St+%23204a/data=!4m2!3m1!1s0x89d36cd34a44bd97:0x3cd62bd030bf73d6",
        "Address": "27 Chandler St #204a, Buffalo, NY 14207, USA",
        "category": "secret_is_out"
      }
    },
    {
      "type": "Feature",
      "geometry": {
        "type": "Point",
        "coordinates": [
          -78.8768329,
          42.9246689
        ]
      },
      "properties": {
        "name": "The Jade Turtle",
        "url": "https://www.google.com/maps/place/The+Jade+Turtle/data=!4m2!3m1!1s0x89d313beeb962ba3:0x2c85f91c896cb577",
        "Address": "1007 Elmwood Ave, Buffalo, NY 14222, USA",
        "category": "secret_is_out"
      }
    },
    {
      "type": "Feature",
      "geometry": {
        "type": "Point",
        "coordinates": [
          -78.8799245,
          42.8930146
        ]
      },
      "properties": {
        "name": "New Phoenix Theatre On The Park",
        "url": "https://www.google.com/maps/place/New+Phoenix+Theatre+On+The+Park/data=!4m2!3m1!1s0x89d3124d906775d9:0x9fc8afab0fdd9f10",
        "Address": "95 Johnson Park, Buffalo, NY 14201, USA",
        "category": "secret_is_out"
      }
    },
    {
      "type": "Feature",
      "geometry": {
        "type": "Point",
        "coordinates": [
          -78.8905153,
          42.9430592
        ]
      },
      "properties": {
        "name": "Bloom & Rose Deli",
        "url": "https://www.google.com/maps/place/Bloom+%26+Rose+Deli/data=!4m2!3m1!1s0x89d36de77c89a26b:0xf1a64dd8455b9bea",
        "Address": "27 Chandler St #204a, Buffalo, NY 14207, USA",
        "category": "secret_is_out"
      }
    },
    {
      "type": "Feature",
      "geometry": {
        "type": "Point",
        "coordinates": [
          -78.8732948,
          42.8885231
        ]
      },
      "properties": {
        "name": "The Hiker",
        "url": "https://www.google.com/maps/place/The+Hiker/data=!4m2!3m1!1s0x89d3132b7597ad63:0x234fab5a34b461fa",
        "Address": "Main St, Buffalo, NY 14203, USA",
        "category": "secret_is_out"
      }
    },
    {
      "type": "Feature",
      "geometry": {
        "type": "Point",
        "coordinates": [
          -78.8210771,
          42.873677
        ]
      },
      "properties": {
        "name": "LIBBY Projects + Editions",
        "url": "https://www.google.com/maps/place/LIBBY+Projects+%2B+Editions/data=!4m2!3m1!1s0x89d30d98063e1b4b:0x1afb44693f5f1b32",
        "Address": "Niagara Frontier Food Terminal, 1500 Clinton St Unit 156b, Buffalo, NY 14206, USA",
        "category": "secret_is_out"
      }
    },
    {
      "type": "Feature",
      "geometry": {
        "type": "Point",
        "coordinates": [
          -78.8482398,
          42.9367469
        ]
      },
      "properties": {
        "name": "Statler Cafe at the Martin House",
        "url": "https://www.google.com/maps/place/Statler+Cafe+at+the+Martin+House/data=!4m2!3m1!1s0x89d3132823771383:0x5442710163c6c2e3",
        "Address": "122 Summit Ave, Buffalo, NY 14214, USA",
        "category": "secret_is_out"
      }
    },
    {
      "type": "Feature",
      "geometry": {
        "type": "Point",
        "coordinates": [
          -78.8388737,
          42.8909579
        ]
      },
      "properties": {
        "name": "Chua Tu Hieu Buddhist Cultural Center",
        "url": "https://www.google.com/maps/place/Chua+Tu+Hieu+Buddhist+Cultural+Center/data=!4m2!3m1!1s0x89d3127872d21621:0x19cde882950cc5e8",
        "Address": "647 Fillmore Ave, Buffalo, NY 14212, USA",
        "category": "secret_is_out"
      }
    },
    {
      "type": "Feature",
      "geometry": {
        "type": "Point",
        "coordinates": [
          -78.8560676,
          42.9075963
        ]
      },
      "properties": {
        "name": "The Foundry",
        "url": "https://www.google.com/maps/place/The+Foundry/data=!4m2!3m1!1s0x89d3128c300d47f5:0x7396ab29c1332b74",
        "Address": "298 Northampton St, Buffalo, NY 14208, USA",
        "category": "secret_is_out"
      }
    },
    {
      "type": "Feature",
      "geometry": {
        "type": "Point",
        "coordinates": [
          -78.8755834,
          42.8591085
        ]
      },
      "properties": {
        "name": "Roundman Sculpture",
        "url": "https://www.google.com/maps/place/Roundman+Sculpture/data=!4m2!3m1!1s0x89d311676312e9eb:0x10d6a9318162cd64",
        "Address": "Greenway Nature Trail, Buffalo, NY 14203, USA",
        "category": "secret_is_out"
      }
    },
    {
      "type": "Feature",
      "geometry": {
        "type": "Point",
        "coordinates": [
          -78.8745124,
          42.8813557
        ]
      },
      "properties": {
        "name": "Jimmy Griffin statue",
        "url": "https://www.google.com/maps/place/Jimmy+Griffin+statue/data=!4m2!3m1!1s0x89d313005a03a0b3:0xd0c04dc400aff0b",
        "Address": "Downtown, Buffalo, NY 14203, USA",
        "category": "secret_is_out"
      }
    },
    {
      "type": "Feature",
      "geometry": {
        "type": "Point",
        "coordinates": [
          -78.8743006,
          42.9253118
        ]
      },
      "properties": {
        "name": "Sculpture by Larry Griffis Jr",
        "url": "https://www.google.com/maps/place/Sculpture+by+Larry+Griffis+Jr/data=!4m2!3m1!1s0x89d31357271cb7d9:0x1f95bf9558b5406c",
        "Address": "Buffalo, NY 14222, USA",
        "category": "secret_is_out"
      }
    },
    {
      "type": "Feature",
      "geometry": {
        "type": "Point",
        "coordinates": [
          -78.8684551,
          42.8697831
        ]
      },
      "properties": {
        "name": "Hartman's Barrel Room",
        "url": "https://www.google.com/maps/place/Hartman's+Barrel+Room/data=!4m2!3m1!1s0x89d31306b3e48637:0x1b6fc9b6719f1647",
        "Address": "55 Chicago St Ste 110A, Buffalo, NY 14204, USA",
        "category": "secret_is_out"
      }
    },
    {
      "type": "Feature",
      "geometry": {
        "type": "Point",
        "coordinates": [
          -78.8789088,
          42.9133616
        ]
      },
      "properties": {
        "name": "Farm Shop",
        "url": "https://www.google.com/maps/place/Farm+Shop/data=!4m2!3m1!1s0x89d312e34f722c4f:0x5968e25dce91dd20",
        "Address": "235 B Lexington Ave, Buffalo, NY 14222, USA",
        "category": "secret_is_out"
      }
    },
    {
      "type": "Feature",
      "geometry": {
        "type": "Point",
        "coordinates": [
          -78.88563,
          42.9455773
        ]
      },
      "properties": {
        "name": "Emotive Exposure",
        "url": "https://www.google.com/maps/place/Emotive+Exposure/data=!4m2!3m1!1s0x89d36dd400934d9f:0x4ccb1cc61291db2",
        "Address": "51 St Florian St, Buffalo, NY 14207, USA",
        "category": "secret_is_out"
      }
    },
    {
      "type": "Feature",
      "geometry": {
        "type": "Point",
        "coordinates": [
          -78.8648345,
          42.8699792
        ]
      },
      "properties": {
        "name": "The Buffalo Bar & Grill",
        "url": "https://www.google.com/maps/place/The+Buffalo+Bar+%26+Grill/data=!4m2!3m1!1s0x89d31223bcaa89a1:0xab45b613db7a3d80",
        "Address": "307 Louisiana St, Buffalo, NY 14204, USA",
        "category": "secret_is_out"
      }
    },
    {
      "type": "Feature",
      "geometry": {
        "type": "Point",
        "coordinates": [
          -78.852548,
          42.9475214
        ]
      },
      "properties": {
        "name": "Buffalomart",
        "url": "https://www.google.com/maps/place/Buffalomart/data=!4m2!3m1!1s0x89d36d4f0acfeb8d:0xcd06cd97ed5bd01d",
        "Address": "1499 Hertel Ave, Buffalo, NY 14216, USA",
        "category": "secret_is_out"
      }
    },
    {
      "type": "Feature",
      "geometry": {
        "type": "Point",
        "coordinates": [
          -78.8800479,
          42.9034585
        ]
      },
      "properties": {
        "name": "ML' s North Cafe",
        "url": "https://www.google.com/maps/place/ML'+s+North+Cafe/data=!4m2!3m1!1s0x89d3130012ed5d37:0x4c84690f26451f63",
        "Address": "Bryant, Buffalo, NY 14201, USA",
        "category": "secret_is_out"
      }
    },
    {
      "type": "Feature",
      "geometry": {
        "type": "Point",
        "coordinates": [
          -78.8738704,
          42.8940747
        ]
      },
      "properties": {
        "name": "Rue Franklin",
        "url": "https://www.google.com/maps/place/Rue+Franklin/data=!4m2!3m1!1s0x89d312503e755423:0x3ab6fdaa14eb649",
        "Address": "341 Franklin St, Buffalo, NY 14202, USA",
        "category": "secret_is_out"
      }
    },
    {
      "type": "Feature",
      "geometry": {
        "type": "Point",
        "coordinates": [
          -78.8763112,
          42.9424072
        ]
      },
      "properties": {
        "name": "Buffalo Art Movement (BAM!)",
        "url": "https://www.google.com/maps/place/Buffalo+Art+Movement+(BAM!)/data=!4m2!3m1!1s0x89d36dbc5ac66ff3:0x3ad91f9add6be7f0",
        "Address": "255 Great Arrow Ave Suite 200, Buffalo, NY 14207, USA",
        "category": "secret_is_out"
      }
    },
    {
      "type": "Feature",
      "geometry": {
        "type": "Point",
        "coordinates": [
          -78.8765311,
          42.920963
        ]
      },
      "properties": {
        "name": "Kitchen Little Buffalo LLC",
        "url": "https://www.google.com/maps/place/Kitchen+Little+Buffalo+LLC/data=!4m2!3m1!1s0x89d3137b6a94d72f:0x5b12225b8c9dca18",
        "Address": "875 Elmwood Ave, Buffalo, NY 14222, USA",
        "category": "secret_is_out"
      }
    },
    {
      "type": "Feature",
      "geometry": {
        "type": "Point",
        "coordinates": [
          -78.8736089,
          42.9386916
        ]
      },
      "properties": {
        "name": "McKinley Shooting Rock",
        "url": "https://www.google.com/maps/place/McKinley+Shooting+Rock/data=!4m2!3m1!1s0x89d312d26768a8df:0x53fb03ec8f0f9e28",
        "Address": "30 Fordham Dr, Buffalo, NY 14207, USA",
        "category": "secret_is_out"
      }
    },
    {
      "type": "Feature",
      "geometry": {
        "type": "Point",
        "coordinates": [
          -78.8773639,
          42.9164896
        ]
      },
      "properties": {
        "name": "No Fun Lo-Fi Bar",
        "url": "https://www.google.com/maps/place/No+Fun+Lo-Fi+Bar/data=!4m2!3m1!1s0x89d31347f645dfaf:0x99868862b9241654",
        "Address": "712 Elmwood Ave, Buffalo, NY 14222, USA",
        "category": "secret_is_out"
      }
    },
    {
      "type": "Feature",
      "geometry": {
        "type": "Point",
        "coordinates": [
          -78.8773818,
          42.9164887
        ]
      },
      "properties": {
        "name": "High Violet",
        "url": "https://www.google.com/maps/place/High+Violet/data=!4m2!3m1!1s0x89d313cd7797b7e3:0xeef8a7ea5d3aa7c5",
        "Address": "710 Elmwood Ave, Buffalo, NY 14222, USA",
        "category": "secret_is_out"
      }
    },
    {
      "type": "Feature",
      "geometry": {
        "type": "Point",
        "coordinates": [
          -78.8806636,
          42.8822261
        ]
      },
      "properties": {
        "name": "Saint Joseph Pocket Park",
        "url": "",
        "category": "secret_is_out"
      }
    },
    {
      "type": "Feature",
      "geometry": {
        "type": "Point",
        "coordinates": [
          -78.8409038,
          42.8645415
        ]
      },
      "properties": {
        "name": "Chemical No 2",
        "url": "https://www.google.com/maps/place/Chemical+No+2/data=!4m2!3m1!1s0x89d31300ae18d123:0x1d8d08d6e19cbc53",
        "Address": "260 Plymouth Ave, Buffalo, NY 14213, USA",
        "category": "secret_is_out"
      }
    },
    {
      "type": "Feature",
      "geometry": {
        "type": "Point",
        "coordinates": [
          -78.8849907,
          42.9187428
        ]
      },
      "properties": {
        "name": "Autark Brewhouse",
        "url": "https://www.google.com/maps/place/Autark+Brewhouse/data=!4m2!3m1!1s0x89d313b277a54cfb:0xaafb69c608c040af",
        "Address": "420 Auburn Ave, Buffalo, NY 14213, USA",
        "category": "secret_is_out"
      }
    },
    {
      "type": "Feature",
      "geometry": {
        "type": "Point",
        "coordinates": [
          -78.8752576,
          42.9258328
        ]
      },
      "properties": {
        "name": "William R. Heath House",
        "url": "https://www.google.com/maps/place/William+R.+Heath+House/data=!4m2!3m1!1s0x89d313c37af40985:0x7cc45cf2cd045ad3",
        "Address": "William R. Heath House, 76 Soldiers Pl, Buffalo, NY 14222, USA",
        "category": "secret_is_out"
      }
    },
    {
      "type": "Feature",
      "geometry": {
        "type": "Point",
        "coordinates": [
          -78.8633202,
          42.8620942
        ]
      },
      "properties": {
        "name": "Silo City",
        "url": "https://www.google.com/maps/place/Silo+City/data=!4m2!3m1!1s0x89d3118a8b58bc1d:0x8e1fcbe33b52272f",
        "Address": "85 Silo City Row, Buffalo, NY 14203, USA",
        "category": "secret_is_out"
      }
    },
    {
      "type": "Feature",
      "geometry": {
        "type": "Point",
        "coordinates": [
          -78.8636138,
          42.8611987
        ]
      },
      "properties": {
        "name": "Duende at Silo City",
        "url": "https://www.google.com/maps/place/Duende+at+Silo+City/data=!4m2!3m1!1s0x89d3118a3576b86b:0x7931de81ecdfad60",
        "Address": "85 Silo City Row, Buffalo, NY 14203, USA",
        "category": "secret_is_out"
      }
    },
    {
      "type": "Feature",
      "geometry": {
        "type": "Point",
        "coordinates": [
          -78.8543019,
          42.9136418
        ]
      },
      "properties": {
        "name": "1412 Jefferson Ave",
        "url": "https://www.google.com/maps/place/1412+Jefferson+Ave/data=!4m2!3m1!1s0x89d312916ef40621:0x293a253a17f36516",
        "Address": "1412 Jefferson Ave, Buffalo, NY 14208, USA",
        "category": "secret_is_out"
      }
    },
    {
      "type": "Feature",
      "geometry": {
        "type": "Point",
        "coordinates": [
          -78.841498,
          42.947459
        ]
      },
      "properties": {
        "name": "Colonie Lounge",
        "url": "https://www.google.com/maps/place/Colonie+Lounge/data=!4m2!3m1!1s0x89d36d577e679053:0x2011b5025362a088",
        "Address": "1795 Hertel Ave, Buffalo, NY 14216, USA",
        "category": "secret_is_out"
      }
    },
    {
      "type": "Feature",
      "geometry": {
        "type": "Point",
        "coordinates": [
          -78.8348955,
          42.9188155
        ]
      },
      "properties": {
        "name": "Buffalo Trade center",
        "url": "https://www.google.com/maps/place/Buffalo+Trade+center/data=!4m2!3m1!1s0x89d30d62ff8c9ec5:0xa9ee0f63929af1fd",
        "Address": "171 Walden Ave, Buffalo, NY 14211, USA",
        "category": "secret_is_out"
      }
    },
    {
      "type": "Feature",
      "geometry": {
        "type": "Point",
        "coordinates": [
          -78.884579,
          42.9402809
        ]
      },
      "properties": {
        "name": "Rohall's Corner",
        "url": "https://www.google.com/maps/place/Rohall's+Corner/data=!4m2!3m1!1s0x89d3132a8dc3c373:0xe13dca3587452333",
        "Address": "540 Amherst St, Buffalo, NY 14207, USA",
        "category": "secret_is_out"
      }
    },
    {
      "type": "Feature",
      "geometry": {
        "type": "Point",
        "coordinates": [
          -78.8771897,
          42.9229337
        ]
      },
      "properties": {
        "name": "McGarrets",
        "url": "https://www.google.com/maps/place/McGarrets/data=!4m2!3m1!1s0x89d312ddefb63d09:0xb9612dd3acd11c72",
        "Address": "946 Elmwood Ave, Buffalo, NY 14222, USA",
        "category": "secret_is_out"
      }
    },
    {
      "type": "Feature",
      "geometry": {
        "type": "Point",
        "coordinates": [
          -78.9053429,
          42.950305
        ]
      },
      "properties": {
        "name": "Prairie",
        "url": "https://www.google.com/maps/place/Prairie/data=!4m2!3m1!1s0x89d313fcfa255769:0xf18778225f656e6f",
        "Address": "106 College St, Buffalo, NY 14201, USA",
        "category": "secret_is_out"
      }
    },
    {
      "type": "Feature",
      "geometry": {
        "type": "Point",
        "coordinates": [
          -78.8607209,
          42.866235
        ]
      },
      "properties": {
        "name": "The Barrel Factory",
        "url": "https://www.google.com/maps/place/The+Barrel+Factory/data=!4m2!3m1!1s0x89d3121f64447fb9:0x11f03b5aad33f4c3",
        "Address": "65 Vandalia St, Buffalo, NY 14204, USA",
        "category": "secret_is_out"
      }
    },
    {
      "type": "Feature",
      "geometry": {
        "type": "Point",
        "coordinates": [
          -78.8636071,
          42.9130136
        ]
      },
      "properties": {
        "name": "Historic Row Houses",
        "url": "",
        "category": "secret_is_out"
      }
    },
    {
      "type": "Feature",
      "geometry": {
        "type": "Point",
        "coordinates": [
          -78.8895058,
          42.8778426
        ]
      },
      "properties": {
        "name": "Buffalo Main Lighthouse",
        "url": "https://www.google.com/maps/place/Buffalo+Main+Lighthouse/data=!4m2!3m1!1s0x89d313ce80a6f821:0x7a94ee20b5b5744a",
        "Address": "1 Fuhrmann Boulevard, Buffalo, NY 14203, USA",
        "category": "secret_is_out"
      }
    },
    {
      "type": "Feature",
      "geometry": {
        "type": "Point",
        "coordinates": [
          -78.8283988,
          42.9087387
        ]
      },
      "properties": {
        "name": "356 Fougeron St",
        "url": "https://www.google.com/maps/place/356+Fougeron+St/data=!4m2!3m1!1s0x89d30d65411a2efb:0x3b8307e48a91ec40",
        "Address": "356 Fougeron St, Buffalo, NY 14211, USA",
        "category": "secret_is_out"
      }
    },
    {
      "type": "Feature",
      "geometry": {
        "type": "Point",
        "coordinates": [
          -78.8623448,
          42.9370203
        ]
      },
      "properties": {
        "name": "The Juicery",
        "url": "https://www.google.com/maps/place/The+Juicery/data=!4m2!3m1!1s0x89d313a3d4a4e4a1:0x79781bc8a281360e",
        "Address": "Meadow Dr, Buffalo, NY 14214, USA",
        "category": "secret_is_out"
      }
    },
    {
      "type": "Feature",
      "geometry": {
        "type": "Point",
        "coordinates": [
          -78.8551583,
          42.8602221
        ]
      },
      "properties": {
        "name": "Concrete Central",
        "url": "https://www.google.com/maps/place/Concrete+Central/data=!4m2!3m1!1s0x89d311f67b599d45:0x91f232fa4fa4267c",
        "Address": "175 Buffalo River, Buffalo, NY 14203, USA",
        "category": "secret_is_out"
      }
    },
    {
      "type": "Feature",
      "geometry": {
        "type": "Point",
        "coordinates": [
          -78.839551,
          42.8911083
        ]
      },
      "properties": {
        "name": "662 Fillmore Ave",
        "url": "https://www.google.com/maps/place/662+Fillmore+Ave/data=!4m2!3m1!1s0x89d31278402e5f9f:0x3c9849ec63613dd6",
        "Address": "662 Fillmore Ave, Buffalo, NY 14212, USA",
        "category": "secret_is_out"
      }
    },
    {
      "type": "Feature",
      "geometry": {
        "type": "Point",
        "coordinates": [
          -78.8856964,
          42.9273635
        ]
      },
      "properties": {
        "name": "427 Hoyt St",
        "url": "https://www.google.com/maps/place/427+Hoyt+St/data=!4m2!3m1!1s0x89d31320d00005b1:0x2300a8d0aa3f98fa",
        "Address": "427 Hoyt St, Buffalo, NY 14213, USA",
        "category": "secret_is_out"
      }
    },
    {
      "type": "Feature",
      "geometry": {
        "type": "Point",
        "coordinates": [
          -78.8760914,
          42.8821918
        ]
      },
      "properties": {
        "name": "Pete\u2019s Place Food Shop",
        "url": "https://www.google.com/maps/place/Pete%E2%80%99s+Place+Food+Shop/data=!4m2!3m1!1s0x89d3132e55bc3823:0x178f3893b29a4d80",
        "Address": "290 Main St, Buffalo, NY 14202, USA",
        "category": "secret_is_out"
      }
    },
    {
      "type": "Feature",
      "geometry": {
        "type": "Point",
        "coordinates": [
          -78.8775987,
          42.8819736
        ]
      },
      "properties": {
        "name": "Maritime Memorial Park",
        "url": "https://www.google.com/maps/place/Maritime+Memorial+Park/data=!4m2!3m1!1s0x89d313bb440c6efb:0xa7fca3b652bdd42d",
        "Address": "Maritime Memorial Park, 47 Erie St, Buffalo, NY 14202, USA",
        "category": "secret_is_out"
      }
    },
    {
      "type": "Feature",
      "geometry": {
        "type": "Point",
        "coordinates": [
          -78.8776628,
          42.8818249
        ]
      },
      "properties": {
        "name": "Buffalo Harbor Museum",
        "url": "https://www.google.com/maps/place/Buffalo+Harbor+Museum/data=!4m2!3m1!1s0x89d3123678de1a17:0x68894aaae67078cf",
        "Address": "66 Erie St, Buffalo, NY 14202, USA",
        "category": "secret_is_out"
      }
    },
    {
      "type": "Feature",
      "geometry": {
        "type": "Point",
        "coordinates": [
          -78.8515534,
          42.8697314
        ]
      },
      "properties": {
        "name": "BriarBrothers Brewing Company",
        "url": "https://www.google.com/maps/place/BriarBrothers+Brewing+Company/data=!4m2!3m1!1s0x89d313af2ac02d27:0x1e856dfd570dfe80",
        "Address": "50 Elk St, Buffalo, NY 14210, USA",
        "category": "secret_is_out"
      }
    },
    {
      "type": "Feature",
      "geometry": {
        "type": "Point",
        "coordinates": [
          -78.830249,
          42.8896451
        ]
      },
      "properties": {
        "name": "Buffalo Central Terminal",
        "url": "https://www.google.com/maps/place/Buffalo+Central+Terminal/data=!4m2!3m1!1s0x89d30d8592e274c7:0x75483b7f4d37ce90",
        "Address": "495 Paderewski Dr, Buffalo, NY 14212, USA",
        "category": "secret_is_out"
      }
    },
    {
      "type": "Feature",
      "geometry": {
        "type": "Point",
        "coordinates": [
          -78.8916156,
          42.9425884
        ]
      },
      "properties": {
        "name": "Ukrainian American Civic Center",
        "url": "https://www.google.com/maps/place/Ukrainian+American+Civic+Center/data=!4m2!3m1!1s0x89d3132cd1faddb1:0xed3ef9dc113e2bb7",
        "Address": "205 Military Rd, Buffalo, NY 14207, USA",
        "category": "secret_is_out"
      }
    },
    {
      "type": "Feature",
      "geometry": {
        "type": "Point",
        "coordinates": [
          -78.8728634,
          42.8951524
        ]
      },
      "properties": {
        "name": "Cyclorama Building",
        "url": "https://www.google.com/maps/place/Cyclorama+Building/data=!4m2!3m1!1s0x89d3133323ac1251:0xe24f44da43d06ef3",
        "Address": "369 Franklin St, Buffalo, NY 14202, USA",
        "category": "secret_is_out"
      }
    },
    {
      "type": "Feature",
      "geometry": {
        "type": "Point",
        "coordinates": [
          -78.872218,
          42.8906212
        ]
      },
      "properties": {
        "name": "Market Arcade",
        "url": "https://www.google.com/maps/place/Market+Arcade/data=!4m2!3m1!1s0x89d31231f6630e8b:0xfc59014f8408a9a5",
        "Address": "617 Main St, Buffalo, NY 14209, USA",
        "category": "secret_is_out"
      }
    },
    {
      "type": "Feature",
      "geometry": {
        "type": "Point",
        "coordinates": [
          -78.87386,
          42.8939996
        ]
      },
      "properties": {
        "name": "Quenelle",
        "url": "https://www.google.com/maps/place/Quenelle/data=!4m2!3m1!1s0x89d313528cbe0919:0xb9bb63e0357d3346",
        "Address": "341 Franklin St, Buffalo, NY 14202, USA",
        "category": "secret_is_out"
      }
    },
    {
      "type": "Feature",
      "geometry": {
        "type": "Point",
        "coordinates": [
          -78.8705824,
          42.9691191
        ]
      },
      "properties": {
        "name": "Nowhere Lounge",
        "url": "https://www.google.com/maps/place/Nowhere+Lounge/data=!4m2!3m1!1s0x89d36db89482203f:0xd7ce61dd465a519c",
        "Address": "3115 Delaware Ave, Buffalo, NY 14217, USA",
        "category": "secret_is_out"
      }
    },
    {
      "type": "Feature",
      "geometry": {
        "type": "Point",
        "coordinates": [
          -78.8729661,
          42.8955075
        ]
      },
      "properties": {
        "name": "Spotted Octopus Brewing Co.",
        "url": "https://www.google.com/maps/place/Spotted+Octopus+Brewing+Co./data=!4m2!3m1!1s0x89d313539ac46021:0xb95ec01c728e2e2a",
        "Address": "41 Edward St, Buffalo, NY 14202, USA",
        "category": "secret_is_out"
      }
    },
    {
      "type": "Feature",
      "geometry": {
        "type": "Point",
        "coordinates": [
          -78.8900282,
          42.9239042
        ]
      },
      "properties": {
        "name": "Black Dots",
        "url": "https://www.google.com/maps/place/Black+Dots/data=!4m2!3m1!1s0x89d31319472fd917:0x6ed2729a969814d9",
        "Address": "368 Grant St, Buffalo, NY 14213, USA",
        "category": "secret_is_out"
      }
    },
    {
      "type": "Feature",
      "geometry": {
        "type": "Point",
        "coordinates": [
          -78.8751269,
          42.9352103
        ]
      },
      "properties": {
        "name": "Japanese Garden",
        "url": "https://www.google.com/maps/place/Japanese+Garden/data=!4m2!3m1!1s0x89d312d1730204fd:0x2a232329872c0471",
        "Address": "1 Museum Ct, Buffalo, NY 14216, USA",
        "category": "secret_is_out"
      }
    },
    {
      "type": "Feature",
      "geometry": {
        "type": "Point",
        "coordinates": [
          -78.8782738,
          42.878312
        ]
      },
      "properties": {
        "name": "Shark Girl",
        "url": "https://www.google.com/maps/place/Shark+Girl/data=!4m2!3m1!1s0x89d31233fce0d395:0xa1def6d89dcb0cf8",
        "Address": "Buffalo, NY 14203, USA",
        "category": "secret_is_out"
      }
    },
    {
      "type": "Feature",
      "geometry": {
        "type": "Point",
        "coordinates": [
          -78.8937888,
          42.9213197
        ]
      },
      "properties": {
        "name": "The Mammoth",
        "url": "https://www.google.com/maps/place/34+Helen+St/data=!4m2!3m1!1s0x89d31319cbf340df:0x1d5c011a3ebcc4ef",
        "Address": "34 Helen St, Buffalo, NY 14213, USA",
        "category": "secret_is_out"
      }
    }
  ]
}